-- MySQL dump 10.13  Distrib 8.0.43, for Linux (x86_64)
--
-- Host: database-1.cdycq8wyosjv.eu-north-1.rds.amazonaws.com    Database: future_family_ai
-- ------------------------------------------------------
-- Server version	8.0.42

/*!40101 SET @OLD_CHARACTER_SET_CLIENT=@@CHARACTER_SET_CLIENT */;
/*!40101 SET @OLD_CHARACTER_SET_RESULTS=@@CHARACTER_SET_RESULTS */;
/*!40101 SET @OLD_COLLATION_CONNECTION=@@COLLATION_CONNECTION */;
/*!50503 SET NAMES utf8mb4 */;
/*!40103 SET @OLD_TIME_ZONE=@@TIME_ZONE */;
/*!40103 SET TIME_ZONE='+00:00' */;
/*!40014 SET @OLD_UNIQUE_CHECKS=@@UNIQUE_CHECKS, UNIQUE_CHECKS=0 */;
/*!40014 SET @OLD_FOREIGN_KEY_CHECKS=@@FOREIGN_KEY_CHECKS, FOREIGN_KEY_CHECKS=0 */;
/*!40101 SET @OLD_SQL_MODE=@@SQL_MODE, SQL_MODE='NO_AUTO_VALUE_ON_ZERO' */;
/*!40111 SET @OLD_SQL_NOTES=@@SQL_NOTES, SQL_NOTES=0 */;
SET @MYSQLDUMP_TEMP_LOG_BIN = @@SESSION.SQL_LOG_BIN;
SET @@SESSION.SQL_LOG_BIN= 0;


--
-- Table structure for table `admin`
--

DROP TABLE IF EXISTS `admin`;
/*!40101 SET @saved_cs_client     = @@character_set_client */;
/*!50503 SET character_set_client = utf8mb4 */;
CREATE TABLE `admin` (
  `id` int NOT NULL AUTO_INCREMENT,
  `email` varchar(255) COLLATE utf8mb4_general_ci NOT NULL,
  `password` varchar(255) COLLATE utf8mb4_general_ci NOT NULL,
  `last_login` datetime DEFAULT NULL,
  `created_at` datetime DEFAULT CURRENT_TIMESTAMP,
  `username` varchar(100) COLLATE utf8mb4_general_ci NOT NULL,
  PRIMARY KEY (`id`),
  UNIQUE KEY `email` (`email`)
) ENGINE=InnoDB AUTO_INCREMENT=2 DEFAULT CHARSET=utf8mb4 COLLATE=utf8mb4_general_ci;
/*!40101 SET character_set_client = @saved_cs_client */;

--
-- Dumping data for table `admin`
--

LOCK TABLES `admin` WRITE;
/*!40000 ALTER TABLE `admin` DISABLE KEYS */;
INSERT INTO `admin` VALUES (1,'admin@gmail.com','$2a$10$WpKb3kezEzAXAypwmDVKzuD0bWHTCe8wv.YBKV51UYJXZ.mlhY/d.','2025-09-19 13:06:56','2024-11-25 12:56:26','admin');
/*!40000 ALTER TABLE `admin` ENABLE KEYS */;
UNLOCK TABLES;

--
-- Table structure for table `genetic_markers`
--

DROP TABLE IF EXISTS `genetic_markers`;
/*!40101 SET @saved_cs_client     = @@character_set_client */;
/*!50503 SET character_set_client = utf8mb4 */;
CREATE TABLE `genetic_markers` (
  `user_id` int NOT NULL,
  `gene_name` varchar(255) COLLATE utf8mb4_general_ci NOT NULL,
  `response` tinyint(1) NOT NULL,
  `created_at` timestamp NULL DEFAULT CURRENT_TIMESTAMP,
  `updated_at` timestamp NULL DEFAULT CURRENT_TIMESTAMP ON UPDATE CURRENT_TIMESTAMP,
  UNIQUE KEY `unique_user_gene` (`user_id`,`gene_name`),
  CONSTRAINT `genetic_markers_ibfk_1` FOREIGN KEY (`user_id`) REFERENCES `users` (`id`) ON DELETE CASCADE
) ENGINE=InnoDB DEFAULT CHARSET=utf8mb4 COLLATE=utf8mb4_general_ci;
/*!40101 SET character_set_client = @saved_cs_client */;

--
-- Dumping data for table `genetic_markers`
--

LOCK TABLES `genetic_markers` WRITE;
/*!40000 ALTER TABLE `genetic_markers` DISABLE KEYS */;
INSERT INTO `genetic_markers` VALUES (22,'5-HT2A (HTR2A)',0,'2025-05-08 21:53:51','2025-05-30 10:10:25'),(22,'ACE',0,'2025-05-07 11:41:42','2025-05-30 10:10:25'),(22,'ACTN3',0,'2025-05-08 21:53:33','2025-05-30 10:10:25'),(22,'ADRB2',1,'2025-05-07 11:41:42','2025-05-30 10:10:25'),(22,'APOE',1,'2025-05-07 11:41:42','2025-05-30 10:10:25'),(22,'APOE2',1,'2025-05-07 11:41:50','2025-05-30 10:10:25'),(22,'ARNTL (BMAL1)',0,'2025-05-08 21:53:51','2025-05-30 10:10:25'),(22,'ASIP',0,'2025-05-08 21:53:33','2025-05-30 10:10:25'),(22,'ATP7A',0,'2025-05-08 21:54:14','2025-05-30 10:10:25'),(22,'ATP7B',1,'2025-05-07 11:41:42','2025-05-30 10:10:25'),(22,'AVPR1A',1,'2025-05-07 11:41:59','2025-05-30 10:10:25'),(22,'BDNF',0,'2025-05-07 11:41:59','2025-05-30 10:10:25'),(22,'BRCA1,',0,'2025-05-08 21:54:23','2025-05-30 10:10:25'),(22,'BRCA1BRCA2',1,'2025-05-07 11:41:42','2025-05-30 10:10:25'),(22,'BRCA2',0,'2025-05-08 21:54:23','2025-05-30 10:10:25'),(22,'CADM2',0,'2025-05-08 21:53:51','2025-05-30 10:10:25'),(22,'CFTR',0,'2025-05-08 21:54:14','2025-05-30 10:10:25'),(22,'CLOCK',0,'2025-05-07 11:41:50','2025-05-30 10:10:25'),(22,'COL1A1',0,'2025-05-08 21:54:14','2025-05-30 10:10:25'),(22,'COL1A2',1,'2025-05-08 21:54:14','2025-05-30 10:10:25'),(22,'COMT',0,'2025-05-07 11:41:59','2025-05-30 10:10:25'),(22,'CYP21A2',0,'2025-05-08 21:54:14','2025-05-30 10:10:25'),(22,'DMD',0,'2025-05-08 21:54:14','2025-05-30 10:10:25'),(22,'DRD2',0,'2025-05-08 21:53:51','2025-05-30 10:10:25'),(22,'DRD4',0,'2025-05-07 11:41:59','2025-05-30 10:10:25'),(22,'EDAR',0,'2025-05-07 11:41:50','2025-05-30 10:10:25'),(22,'FMR1',0,'2025-05-07 11:41:42','2025-05-30 10:10:25'),(22,'FOXP2',0,'2025-05-08 21:53:51','2025-05-30 10:10:25'),(22,'FTO',0,'2025-05-07 11:41:50','2025-05-30 10:10:25'),(22,'G6PD',0,'2025-05-08 21:54:14','2025-05-30 10:10:25'),(22,'GALT',0,'2025-05-07 11:41:42','2025-05-30 10:10:25'),(22,'GBA',1,'2025-05-07 11:41:42','2025-05-30 10:10:25'),(22,'GJB2',0,'2025-05-08 21:54:14','2025-05-30 10:10:25'),(22,'GLB1',0,'2025-05-08 21:54:14','2025-05-30 10:10:25'),(22,'GRIN2B',0,'2025-05-08 21:53:51','2025-05-30 10:10:25'),(22,'HBA1',0,'2025-05-08 21:54:14','2025-05-30 10:10:25'),(22,'HBA2',0,'2025-05-08 21:54:14','2025-05-30 10:10:25'),(22,'HBB',0,'2025-05-07 11:41:42','2025-05-30 10:10:25'),(22,'HBB (E variant)',0,'2025-05-08 21:54:14','2025-05-30 10:10:25'),(22,'HERC2/OCA2',0,'2025-05-08 21:53:33','2025-05-30 10:10:25'),(22,'HEXA',0,'2025-05-07 11:41:42','2025-05-30 10:10:25'),(22,'HLA',0,'2025-05-07 11:41:50','2025-05-30 10:10:25'),(22,'KIBRA',0,'2025-05-08 21:53:51','2025-05-30 10:10:25'),(22,'LEP',1,'2025-05-07 11:41:50','2025-05-30 10:10:25'),(22,'LEPR',0,'2025-05-08 21:53:33','2025-05-30 10:10:25'),(22,'MAOA',0,'2025-05-07 11:41:59','2025-05-30 10:10:25'),(22,'MC1R',1,'2025-05-07 11:41:50','2025-05-30 10:10:25'),(22,'MPZ',0,'2025-05-08 21:54:14','2025-05-30 10:10:25'),(22,'MTHFR',0,'2025-05-08 21:54:23','2025-05-30 10:10:25'),(22,'MTHFR Variant',0,'2025-05-08 21:54:14','2025-05-30 10:10:25'),(22,'NPY',1,'2025-05-07 11:41:59','2025-05-30 10:10:25'),(22,'OXTR',0,'2025-05-07 11:41:59','2025-05-30 10:10:25'),(22,'PAH',0,'2025-05-07 11:41:42','2025-05-30 10:10:25'),(22,'PER1',0,'2025-05-08 21:53:51','2025-05-30 10:10:25'),(22,'PER3',0,'2025-05-08 21:53:51','2025-05-30 10:10:25'),(22,'PHEX',0,'2025-05-08 21:54:23','2025-05-30 10:10:25'),(22,'PPARG',0,'2025-05-08 21:53:33','2025-05-30 10:10:25'),(22,'SLC24A4',0,'2025-05-08 21:53:33','2025-05-30 10:10:25'),(22,'SLC6A4',0,'2025-05-07 11:41:59','2025-05-30 10:10:25'),(22,'SMN1',0,'2025-05-07 11:41:42','2025-05-30 10:10:25'),(22,'TAS2R38',0,'2025-05-08 21:53:33','2025-05-30 10:10:25'),(22,'TCF7L2',1,'2025-05-07 11:41:42','2025-05-30 10:10:25'),(22,'TSC1',0,'2025-05-08 21:54:14','2025-05-30 10:10:25'),(22,'TSC2',0,'2025-05-08 21:54:14','2025-05-30 10:10:25'),(22,'TYR',0,'2025-05-08 21:53:33','2025-05-30 10:10:25'),(25,'5-HT2A (HTR2A)',0,'2025-05-09 11:11:30','2025-05-09 11:12:06'),(25,'ACE',0,'2025-05-07 11:43:49','2025-05-09 11:12:06'),(25,'ACTN3',0,'2025-05-09 11:11:18','2025-05-09 11:12:06'),(25,'APOE',0,'2025-05-09 11:11:30','2025-05-09 11:12:06'),(25,'APOE2',0,'2025-05-07 11:43:57','2025-05-09 11:12:06'),(25,'ARNTL (BMAL1)',0,'2025-05-09 11:11:30','2025-05-09 11:12:06'),(25,'ASIP',0,'2025-05-09 11:11:18','2025-05-09 11:12:06'),(25,'ATP7A',0,'2025-05-09 11:11:57','2025-05-09 11:12:06'),(25,'ATP7B',0,'2025-05-07 11:43:49','2025-05-09 11:12:06'),(25,'AVPR1A',0,'2025-05-07 11:44:05','2025-05-09 11:12:06'),(25,'BDNF',0,'2025-05-07 11:44:05','2025-05-09 11:12:06'),(25,'BRCA1,',0,'2025-05-09 11:12:06','2025-05-09 11:12:06'),(25,'BRCA1BRCA2',0,'2025-05-07 11:43:49','2025-05-09 11:12:06'),(25,'BRCA2',0,'2025-05-09 11:12:06','2025-05-09 11:12:06'),(25,'CADM2',0,'2025-05-09 11:11:30','2025-05-09 11:12:06'),(25,'CFTR',0,'2025-05-09 11:11:57','2025-05-09 11:12:06'),(25,'CLOCK',0,'2025-05-07 11:43:57','2025-05-09 11:12:06'),(25,'COL1A1',0,'2025-05-09 11:11:57','2025-05-09 11:12:06'),(25,'COL1A2',1,'2025-05-09 11:11:57','2025-05-09 11:12:06'),(25,'COMT',0,'2025-05-07 11:44:05','2025-05-09 11:12:06'),(25,'CYP21A2',1,'2025-05-09 11:11:57','2025-05-09 11:12:06'),(25,'DMD',0,'2025-05-09 11:11:57','2025-05-09 11:12:06'),(25,'DRD2',0,'2025-05-09 11:11:30','2025-05-09 11:12:06'),(25,'DRD4',0,'2025-05-07 11:44:05','2025-05-09 11:12:06'),(25,'EDAR',0,'2025-05-07 11:43:57','2025-05-09 11:12:06'),(25,'FMR1',0,'2025-05-07 11:43:49','2025-05-09 11:12:06'),(25,'FOXP2',0,'2025-05-09 11:11:30','2025-05-09 11:12:06'),(25,'FTO',0,'2025-05-07 11:43:57','2025-05-09 11:12:06'),(25,'G6PD',0,'2025-05-09 11:11:57','2025-05-09 11:12:06'),(25,'GALT',0,'2025-05-09 11:12:06','2025-05-09 11:12:06'),(25,'GBA',0,'2025-05-07 11:43:49','2025-05-09 11:12:06'),(25,'GJB2',0,'2025-05-09 11:11:57','2025-05-09 11:12:06'),(25,'GLB1',0,'2025-05-09 11:11:57','2025-05-09 11:12:06'),(25,'GRIN2B',0,'2025-05-09 11:11:30','2025-05-09 11:12:06'),(25,'HBA1',0,'2025-05-09 11:11:57','2025-05-09 11:12:06'),(25,'HBA2',0,'2025-05-09 11:11:57','2025-05-09 11:12:06'),(25,'HBB',0,'2025-05-07 11:43:49','2025-05-09 11:12:06'),(25,'HBB (E variant)',0,'2025-05-09 11:11:57','2025-05-09 11:12:06'),(25,'HERC2/OCA2',0,'2025-05-09 11:11:18','2025-05-09 11:12:06'),(25,'HEXA',0,'2025-05-07 11:43:49','2025-05-09 11:12:06'),(25,'HLA',0,'2025-05-07 11:43:57','2025-05-09 11:12:06'),(25,'KIBRA',0,'2025-05-09 11:11:30','2025-05-09 11:12:06'),(25,'LEP',0,'2025-05-07 11:43:57','2025-05-09 11:12:06'),(25,'LEPR',0,'2025-05-09 11:11:18','2025-05-09 11:12:06'),(25,'MAOA',0,'2025-05-07 11:44:05','2025-05-09 11:12:06'),(25,'MC1R',0,'2025-05-07 11:43:57','2025-05-09 11:12:06'),(25,'MPZ',0,'2025-05-09 11:11:57','2025-05-09 11:12:06'),(25,'MTHFR',0,'2025-05-09 11:12:06','2025-05-09 11:12:06'),(25,'MTHFR Variant',0,'2025-05-09 11:11:57','2025-05-09 11:12:06'),(25,'NPY',0,'2025-05-07 11:44:05','2025-05-09 11:12:06'),(25,'OXTR',0,'2025-05-07 11:44:05','2025-05-09 11:12:06'),(25,'PAH',0,'2025-05-07 11:43:49','2025-05-09 11:12:06'),(25,'PER1',0,'2025-05-09 11:11:30','2025-05-09 11:12:06'),(25,'PER3',0,'2025-05-09 11:11:30','2025-05-09 11:12:06'),(25,'PHEX',0,'2025-05-09 11:12:06','2025-05-09 11:12:06'),(25,'PPARG',0,'2025-05-09 11:11:18','2025-05-09 11:12:06'),(25,'SLC24A4',0,'2025-05-09 11:11:18','2025-05-09 11:12:06'),(25,'SLC6A4',0,'2025-05-07 11:44:05','2025-05-09 11:12:06'),(25,'SMN1',0,'2025-05-07 11:43:49','2025-05-09 11:12:06'),(25,'TAS2R38',0,'2025-05-09 11:11:18','2025-05-09 11:12:06'),(25,'TSC1',0,'2025-05-09 11:11:57','2025-05-09 11:12:06'),(25,'TSC2',0,'2025-05-09 11:11:57','2025-05-09 11:12:06'),(25,'TYR',0,'2025-05-09 11:11:18','2025-05-09 11:12:06'),(27,'5-HT2A (HTR2A)',0,'2025-05-08 21:56:15','2025-05-13 12:57:37'),(27,'ACE',0,'2025-03-27 11:58:17','2025-05-13 12:57:37'),(27,'ACTN3',0,'2025-05-08 21:55:57','2025-05-13 12:57:37'),(27,'ADRB2',1,'2025-03-27 11:58:17','2025-05-13 12:57:37'),(27,'APOE',1,'2025-03-27 11:58:17','2025-05-13 12:57:37'),(27,'APOE2',1,'2025-03-27 11:58:25','2025-05-13 12:57:37'),(27,'ARNTL (BMAL1)',0,'2025-05-08 21:56:15','2025-05-13 12:57:37'),(27,'ASIP',0,'2025-05-08 21:55:57','2025-05-13 12:57:37'),(27,'ATP7A',1,'2025-05-08 21:56:46','2025-05-13 12:57:37'),(27,'ATP7B',1,'2025-03-27 11:58:17','2025-05-13 12:57:37'),(27,'AVPR1A',0,'2025-03-27 11:58:32','2025-05-13 12:57:37'),(27,'BDNF',0,'2025-03-27 11:58:32','2025-05-13 12:57:37'),(27,'BRCA1,',0,'2025-05-08 21:56:54','2025-05-13 12:57:37'),(27,'BRCA1BRCA2',1,'2025-03-27 11:58:17','2025-05-13 12:57:37'),(27,'BRCA2',0,'2025-05-08 21:56:54','2025-05-13 12:57:37'),(27,'CADM2',0,'2025-05-08 21:56:15','2025-05-13 12:57:37'),(27,'CFTR',0,'2025-05-08 21:56:46','2025-05-13 12:57:37'),(27,'CLOCK',0,'2025-03-27 11:58:25','2025-05-13 12:57:37'),(27,'COL1A1',0,'2025-05-08 21:56:46','2025-05-13 12:57:37'),(27,'COL1A2',1,'2025-05-08 21:56:46','2025-05-13 12:57:37'),(27,'COMT',0,'2025-03-27 11:58:32','2025-05-13 12:57:37'),(27,'CYP21A2',0,'2025-05-08 21:56:46','2025-05-13 12:57:37'),(27,'DMD',0,'2025-05-08 21:56:46','2025-05-13 12:57:37'),(27,'DRD2',0,'2025-05-08 21:56:15','2025-05-13 12:57:37'),(27,'DRD4',0,'2025-03-27 11:58:32','2025-05-13 12:57:37'),(27,'EDAR',0,'2025-03-27 11:58:25','2025-05-13 12:57:37'),(27,'FMR1',0,'2025-03-27 11:58:17','2025-05-13 12:57:37'),(27,'FOXP2',0,'2025-05-08 21:56:15','2025-05-13 12:57:37'),(27,'FTO',0,'2025-03-27 11:58:25','2025-05-13 12:57:37'),(27,'G6PD',0,'2025-05-08 21:56:46','2025-05-13 12:57:37'),(27,'GALT',0,'2025-03-27 11:58:17','2025-05-13 12:57:37'),(27,'GBA',1,'2025-03-27 11:58:17','2025-05-13 12:57:37'),(27,'GJB2',0,'2025-05-08 21:56:46','2025-05-13 12:57:37'),(27,'GLB1',0,'2025-05-08 21:56:46','2025-05-13 12:57:37'),(27,'GRIN2B',0,'2025-05-08 21:56:15','2025-05-13 12:57:37'),(27,'HBA1',0,'2025-05-08 21:56:46','2025-05-13 12:57:37'),(27,'HBA2',0,'2025-05-08 21:56:46','2025-05-13 12:57:37'),(27,'HBB',0,'2025-03-27 11:58:17','2025-05-13 12:57:37'),(27,'HBB (E variant)',0,'2025-05-08 21:56:46','2025-05-13 12:57:37'),(27,'HERC2/OCA2',0,'2025-05-08 21:55:57','2025-05-13 12:57:37'),(27,'HEXA',0,'2025-03-27 11:58:17','2025-05-13 12:57:37'),(27,'HLA',0,'2025-03-27 11:58:25','2025-05-13 12:57:37'),(27,'KIBRA',0,'2025-05-08 21:56:15','2025-05-13 12:57:37'),(27,'LEP',1,'2025-03-27 11:58:25','2025-05-13 12:57:37'),(27,'LEPR',0,'2025-05-08 21:55:57','2025-05-13 12:57:37'),(27,'MAOA',0,'2025-03-27 11:58:32','2025-05-13 12:57:37'),(27,'MC1R',0,'2025-03-27 11:58:25','2025-05-13 12:57:37'),(27,'MPZ',0,'2025-05-08 21:56:46','2025-05-13 12:57:37'),(27,'MTHFR',0,'2025-05-08 21:56:54','2025-05-13 12:57:37'),(27,'MTHFR Variant',0,'2025-05-08 21:56:46','2025-05-13 12:57:37'),(27,'NPY',1,'2025-03-27 11:58:32','2025-05-13 12:57:37'),(27,'OXTR',0,'2025-03-27 11:58:32','2025-05-13 12:57:37'),(27,'PAH',0,'2025-03-27 11:58:17','2025-05-13 12:57:37'),(27,'PER1',0,'2025-05-08 21:56:15','2025-05-13 12:57:37'),(27,'PER3',0,'2025-05-08 21:56:15','2025-05-13 12:57:37'),(27,'PHEX',0,'2025-05-08 21:56:54','2025-05-13 12:57:37'),(27,'PPARG',0,'2025-05-08 21:55:57','2025-05-13 12:57:37'),(27,'SLC24A4',0,'2025-05-08 21:55:57','2025-05-13 12:57:37'),(27,'SLC6A4',0,'2025-03-27 11:58:32','2025-05-13 12:57:37'),(27,'SMN1',0,'2025-03-27 11:58:17','2025-05-13 12:57:37'),(27,'TAS2R38',0,'2025-05-08 21:55:57','2025-05-13 12:57:37'),(27,'TCF7L2',1,'2025-03-27 11:58:17','2025-05-13 12:57:37'),(27,'TSC1',0,'2025-05-08 21:56:46','2025-05-13 12:57:37'),(27,'TSC2',0,'2025-05-08 21:56:46','2025-05-13 12:57:37'),(27,'TYR',0,'2025-05-08 21:55:57','2025-05-13 12:57:37'),(28,'ACE',0,'2025-03-13 12:09:34','2025-03-13 12:09:51'),(28,'ADRB2',0,'2025-03-13 12:09:34','2025-03-13 12:09:51'),(28,'APOE',0,'2025-03-13 12:09:34','2025-03-13 12:09:51'),(28,'APOE2',0,'2025-03-13 12:09:43','2025-03-13 12:09:51'),(28,'ATP7B',0,'2025-03-13 12:09:34','2025-03-13 12:09:51'),(28,'AVPR1A',0,'2025-03-13 12:09:51','2025-03-13 12:09:51'),(28,'BDNF',0,'2025-03-13 12:09:51','2025-03-13 12:09:51'),(28,'BRCA1BRCA2',0,'2025-03-13 12:09:34','2025-03-13 12:09:51'),(28,'CLOCK',0,'2025-03-13 12:09:43','2025-03-13 12:09:51'),(28,'COMT',0,'2025-03-13 12:09:51','2025-03-13 12:09:51'),(28,'DRD4',0,'2025-03-13 12:09:51','2025-03-13 12:09:51'),(28,'EDAR',0,'2025-03-13 12:09:43','2025-03-13 12:09:51'),(28,'FMR1',0,'2025-03-13 12:09:34','2025-03-13 12:09:51'),(28,'FTO',0,'2025-03-13 12:09:43','2025-03-13 12:09:51'),(28,'GALT',0,'2025-03-13 12:09:34','2025-03-13 12:09:51'),(28,'GBA',0,'2025-03-13 12:09:34','2025-03-13 12:09:51'),(28,'HBB',0,'2025-03-13 12:09:34','2025-03-13 12:09:51'),(28,'HEXA',0,'2025-03-13 12:09:34','2025-03-13 12:09:51'),(28,'HLA',0,'2025-03-13 12:09:43','2025-03-13 12:09:51'),(28,'LEP',0,'2025-03-13 12:09:43','2025-03-13 12:09:51'),(28,'MAOA',0,'2025-03-13 12:09:51','2025-03-13 12:09:51'),(28,'MC1R',0,'2025-03-13 12:09:43','2025-03-13 12:09:51'),(28,'NPY',0,'2025-03-13 12:09:51','2025-03-13 12:09:51'),(28,'OXTR',0,'2025-03-13 12:09:51','2025-03-13 12:09:51'),(28,'PAH',0,'2025-03-13 12:09:34','2025-03-13 12:09:51'),(28,'SLC6A4',0,'2025-03-13 12:09:51','2025-03-13 12:09:51'),(28,'SMN1',0,'2025-03-13 12:09:34','2025-03-13 12:09:51'),(28,'TCF7L2',0,'2025-03-13 12:09:34','2025-03-13 12:09:51'),(30,'ACE',0,'2025-03-21 14:34:02','2025-03-21 14:34:17'),(30,'ADRB2',0,'2025-03-21 14:34:02','2025-03-21 14:34:17'),(30,'APOE',0,'2025-03-21 14:34:02','2025-03-21 14:34:17'),(30,'APOE2',0,'2025-03-21 14:34:10','2025-03-21 14:34:17'),(30,'ATP7B',0,'2025-03-21 14:34:02','2025-03-21 14:34:17'),(30,'AVPR1A',0,'2025-03-21 14:34:17','2025-03-21 14:34:17'),(30,'BDNF',0,'2025-03-21 14:34:17','2025-03-21 14:34:17'),(30,'BRCA1BRCA2',0,'2025-03-21 14:34:02','2025-03-21 14:34:17'),(30,'CLOCK',0,'2025-03-21 14:34:10','2025-03-21 14:34:17'),(30,'COMT',0,'2025-03-21 14:34:17','2025-03-21 14:34:17'),(30,'DRD4',0,'2025-03-21 14:34:17','2025-03-21 14:34:17'),(30,'EDAR',0,'2025-03-21 14:34:10','2025-03-21 14:34:17'),(30,'FMR1',0,'2025-03-21 14:34:02','2025-03-21 14:34:17'),(30,'FTO',0,'2025-03-21 14:34:10','2025-03-21 14:34:17'),(30,'GALT',0,'2025-03-21 14:34:02','2025-03-21 14:34:17'),(30,'GBA',0,'2025-03-21 14:34:02','2025-03-21 14:34:17'),(30,'HBB',0,'2025-03-21 14:34:02','2025-03-21 14:34:17'),(30,'HEXA',0,'2025-03-21 14:34:02','2025-03-21 14:34:17'),(30,'HLA',0,'2025-03-21 14:34:10','2025-03-21 14:34:17'),(30,'LEP',0,'2025-03-21 14:34:10','2025-03-21 14:34:17'),(30,'MAOA',0,'2025-03-21 14:34:17','2025-03-21 14:34:17'),(30,'MC1R',0,'2025-03-21 14:34:10','2025-03-21 14:34:17'),(30,'NPY',0,'2025-03-21 14:34:17','2025-03-21 14:34:17'),(30,'OXTR',0,'2025-03-21 14:34:17','2025-03-21 14:34:17'),(30,'PAH',0,'2025-03-21 14:34:02','2025-03-21 14:34:17'),(30,'SLC6A4',0,'2025-03-21 14:34:17','2025-03-21 14:34:17'),(30,'SMN1',0,'2025-03-21 14:34:02','2025-03-21 14:34:17'),(30,'TCF7L2',0,'2025-03-21 14:34:02','2025-03-21 14:34:17'),(31,'5-HT2A (HTR2A)',0,'2025-05-08 20:17:30','2025-08-14 05:22:54'),(31,'ACE',0,'2025-03-13 08:17:11','2025-08-14 05:22:54'),(31,'ACTN3',0,'2025-05-08 20:17:12','2025-08-14 05:22:54'),(31,'ADRB2',1,'2025-03-13 08:17:11','2025-08-14 05:22:54'),(31,'APOE',0,'2025-03-13 08:17:11','2025-08-14 05:22:54'),(31,'APOE2',0,'2025-03-13 08:17:19','2025-08-14 05:22:54'),(31,'ARNTL (BMAL1)',0,'2025-05-08 20:17:30','2025-08-14 05:22:54'),(31,'ASIP',0,'2025-05-08 20:17:12','2025-08-14 05:22:54'),(31,'ATP7A',0,'2025-05-08 20:17:58','2025-08-14 05:22:54'),(31,'ATP7B',0,'2025-03-13 08:17:11','2025-08-14 05:22:54'),(31,'AVPR1A',0,'2025-03-13 08:17:28','2025-08-14 05:22:54'),(31,'BDNF',0,'2025-03-13 08:17:28','2025-08-14 05:22:54'),(31,'BRCA1,',0,'2025-05-08 20:25:18','2025-08-14 05:22:54'),(31,'BRCA1BRCA2',0,'2025-03-13 08:17:11','2025-08-14 05:22:54'),(31,'BRCA2',0,'2025-05-08 20:25:18','2025-08-14 05:22:54'),(31,'CADM2',0,'2025-05-08 20:17:30','2025-08-14 05:22:54'),(31,'CFTR',0,'2025-05-08 20:17:58','2025-08-14 05:22:54'),(31,'CLOCK',0,'2025-03-13 08:17:19','2025-08-14 05:22:54'),(31,'COL1A1',0,'2025-05-08 20:17:58','2025-08-14 05:22:54'),(31,'COL1A2',0,'2025-05-08 20:17:58','2025-08-14 05:22:54'),(31,'COMT',0,'2025-03-13 08:17:28','2025-08-14 05:22:54'),(31,'CYP21A2',0,'2025-05-08 20:17:58','2025-08-14 05:22:54'),(31,'DMD',0,'2025-05-08 20:17:58','2025-08-14 05:22:54'),(31,'DRD2',0,'2025-05-08 20:17:30','2025-08-14 05:22:54'),(31,'DRD4',0,'2025-03-13 08:17:28','2025-08-14 05:22:54'),(31,'EDAR',0,'2025-03-13 08:17:19','2025-08-14 05:22:54'),(31,'FMR1',0,'2025-03-13 08:17:11','2025-08-14 05:22:54'),(31,'FOXP2',0,'2025-05-08 20:17:30','2025-08-14 05:22:54'),(31,'FTO',0,'2025-03-13 08:17:19','2025-08-14 05:22:54'),(31,'G6PD',0,'2025-05-08 20:17:58','2025-08-14 05:22:54'),(31,'GALT',0,'2025-03-13 08:17:11','2025-08-14 05:22:54'),(31,'GBA',0,'2025-03-13 08:17:11','2025-08-14 05:22:54'),(31,'GJB2',0,'2025-05-08 20:17:58','2025-08-14 05:22:54'),(31,'GLB1',0,'2025-05-08 20:17:58','2025-08-14 05:22:54'),(31,'GRIN2B',0,'2025-05-08 20:17:30','2025-08-14 05:22:54'),(31,'HBA1',0,'2025-05-08 20:17:58','2025-08-14 05:22:54'),(31,'HBA2',0,'2025-05-08 20:17:58','2025-08-14 05:22:54'),(31,'HBB',0,'2025-03-13 08:17:11','2025-08-14 05:22:54'),(31,'HBB (E variant)',0,'2025-05-08 20:17:58','2025-08-14 05:22:54'),(31,'HERC2/OCA2',0,'2025-05-08 20:17:12','2025-08-14 05:22:54'),(31,'HEXA',0,'2025-03-13 08:17:11','2025-08-14 05:22:54'),(31,'HLA',0,'2025-03-13 08:17:19','2025-08-14 05:22:54'),(31,'KIBRA',0,'2025-05-08 20:17:30','2025-08-14 05:22:54'),(31,'LEP',0,'2025-03-13 08:17:19','2025-08-14 05:22:54'),(31,'LEPR',0,'2025-05-08 20:17:12','2025-08-14 05:22:54'),(31,'MAOA',0,'2025-03-13 08:17:28','2025-08-14 05:22:54'),(31,'MC1R',0,'2025-03-13 08:17:19','2025-08-14 05:22:54'),(31,'MPZ',0,'2025-05-08 20:17:58','2025-08-14 05:22:54'),(31,'MTHFR',0,'2025-05-08 20:25:18','2025-08-14 05:22:54'),(31,'MTHFR Variant',0,'2025-05-08 20:17:58','2025-08-14 05:22:54'),(31,'NPY',0,'2025-03-13 08:17:28','2025-08-14 05:22:54'),(31,'OXTR',0,'2025-03-13 08:17:28','2025-08-14 05:22:54'),(31,'PAH',0,'2025-03-13 08:17:11','2025-08-14 05:22:54'),(31,'PER1',0,'2025-05-08 20:17:30','2025-08-14 05:22:54'),(31,'PER3',0,'2025-05-08 20:17:30','2025-08-14 05:22:54'),(31,'PHEX',0,'2025-05-08 20:25:18','2025-08-14 05:22:54'),(31,'PPARG',0,'2025-05-08 20:17:12','2025-08-14 05:22:54'),(31,'SLC24A4',0,'2025-05-08 20:17:12','2025-08-14 05:22:54'),(31,'SLC6A4',0,'2025-03-13 08:17:28','2025-08-14 05:22:54'),(31,'SMN1',0,'2025-03-13 08:17:11','2025-08-14 05:22:54'),(31,'TAS2R38',0,'2025-05-08 20:17:12','2025-08-14 05:22:54'),(31,'TCF7L2',1,'2025-03-13 08:17:11','2025-08-14 05:22:54'),(31,'TSC1',0,'2025-05-08 20:17:58','2025-08-14 05:22:54'),(31,'TSC2',0,'2025-05-08 20:17:58','2025-08-14 05:22:54'),(31,'TYR',0,'2025-05-08 20:17:12','2025-08-14 05:22:54'),(33,'5-HT2A (HTR2A)',0,'2025-05-30 10:59:02','2025-05-30 10:59:36'),(33,'ACE',0,'2025-05-30 10:58:39','2025-05-30 10:59:36'),(33,'ACTN3',0,'2025-05-30 10:58:39','2025-05-30 10:59:36'),(33,'APOE',0,'2025-05-30 10:59:02','2025-05-30 10:59:36'),(33,'ARNTL (BMAL1)',0,'2025-05-30 10:59:02','2025-05-30 10:59:36'),(33,'ASIP',0,'2025-05-30 10:58:39','2025-05-30 10:59:36'),(33,'ATP7A',0,'2025-05-30 10:59:34','2025-05-30 10:59:36'),(33,'AVPR1A',1,'2025-05-30 10:58:39','2025-05-30 10:59:36'),(33,'BDNF',0,'2025-05-30 10:59:02','2025-05-30 10:59:36'),(33,'BRCA1,',0,'2025-05-30 10:59:34','2025-05-30 10:59:36'),(33,'BRCA2',0,'2025-05-30 10:59:34','2025-05-30 10:59:36'),(33,'CADM2',0,'2025-05-30 10:59:02','2025-05-30 10:59:36'),(33,'CFTR',0,'2025-05-30 10:59:34','2025-05-30 10:59:36'),(33,'CLOCK',0,'2025-05-30 10:59:02','2025-05-30 10:59:36'),(33,'COL1A1',0,'2025-05-30 10:59:34','2025-05-30 10:59:36'),(33,'COL1A2',0,'2025-05-30 10:59:34','2025-05-30 10:59:36'),(33,'COMT',0,'2025-05-30 10:58:39','2025-05-30 10:59:36'),(33,'CYP21A2',0,'2025-05-30 10:59:34','2025-05-30 10:59:36'),(33,'DMD',0,'2025-05-30 10:59:34','2025-05-30 10:59:36'),(33,'DRD2',0,'2025-05-30 10:59:02','2025-05-30 10:59:36'),(33,'DRD4',0,'2025-05-30 10:59:02','2025-05-30 10:59:36'),(33,'EDAR',0,'2025-05-30 10:58:39','2025-05-30 10:59:36'),(33,'FMR1',0,'2025-05-30 10:59:34','2025-05-30 10:59:36'),(33,'FOXP2',0,'2025-05-30 10:59:02','2025-05-30 10:59:36'),(33,'FTO',0,'2025-05-30 10:58:39','2025-05-30 10:59:36'),(33,'G6PD',0,'2025-05-30 10:59:34','2025-05-30 10:59:36'),(33,'GALT',0,'2025-05-30 10:59:34','2025-05-30 10:59:36'),(33,'GJB2',0,'2025-05-30 10:59:34','2025-05-30 10:59:36'),(33,'GLB1',0,'2025-05-30 10:59:34','2025-05-30 10:59:36'),(33,'GRIN2B',0,'2025-05-30 10:59:02','2025-05-30 10:59:36'),(33,'HBA1',0,'2025-05-30 10:59:34','2025-05-30 10:59:36'),(33,'HBA2',0,'2025-05-30 10:59:34','2025-05-30 10:59:36'),(33,'HBB',0,'2025-05-30 10:59:34','2025-05-30 10:59:36'),(33,'HBB (E variant)',0,'2025-05-30 10:59:34','2025-05-30 10:59:36'),(33,'HERC2/OCA2',0,'2025-05-30 10:58:39','2025-05-30 10:59:36'),(33,'HEXA',0,'2025-05-30 10:59:34','2025-05-30 10:59:36'),(33,'HLA',0,'2025-05-30 10:58:39','2025-05-30 10:59:36'),(33,'KIBRA',0,'2025-05-30 10:59:02','2025-05-30 10:59:36'),(33,'LEPR',0,'2025-05-30 10:58:39','2025-05-30 10:59:36'),(33,'MAOA',0,'2025-05-30 10:59:02','2025-05-30 10:59:36'),(33,'MC1R',0,'2025-05-30 10:58:39','2025-05-30 10:59:36'),(33,'MPZ',0,'2025-05-30 10:59:34','2025-05-30 10:59:36'),(33,'MTHFR',0,'2025-05-30 10:59:34','2025-05-30 10:59:36'),(33,'MTHFR Variant',0,'2025-05-30 10:59:34','2025-05-30 10:59:36'),(33,'OXTR',0,'2025-05-30 10:59:02','2025-05-30 10:59:36'),(33,'PAH',0,'2025-05-30 10:59:34','2025-05-30 10:59:36'),(33,'PER1',0,'2025-05-30 10:59:02','2025-05-30 10:59:36'),(33,'PER3',0,'2025-05-30 10:59:02','2025-05-30 10:59:36'),(33,'PHEX',0,'2025-05-30 10:59:34','2025-05-30 10:59:36'),(33,'PPARG',0,'2025-05-30 10:58:39','2025-05-30 10:59:36'),(33,'SLC24A4',0,'2025-05-30 10:58:39','2025-05-30 10:59:36'),(33,'SLC6A4',0,'2025-05-30 10:59:02','2025-05-30 10:59:36'),(33,'SMN1',0,'2025-05-30 10:59:34','2025-05-30 10:59:36'),(33,'TAS2R38',0,'2025-05-30 10:58:39','2025-05-30 10:59:36'),(33,'TSC1',0,'2025-05-30 10:59:34','2025-05-30 10:59:36'),(33,'TSC2',0,'2025-05-30 10:59:34','2025-05-30 10:59:36'),(33,'TYR',0,'2025-05-30 10:58:39','2025-05-30 10:59:36'),(34,'ACE',1,'2025-03-13 08:16:17','2025-03-21 14:32:20'),(34,'ADRB2',1,'2025-03-13 08:16:17','2025-03-21 14:32:20'),(34,'APOE',1,'2025-03-13 08:16:17','2025-03-21 14:32:20'),(34,'APOE2',1,'2025-03-13 08:16:27','2025-03-21 14:32:20'),(34,'ATP7B',1,'2025-03-13 08:16:17','2025-03-21 14:32:20'),(34,'AVPR1A',1,'2025-03-13 08:16:35','2025-03-21 14:32:20'),(34,'BDNF',1,'2025-03-13 08:16:35','2025-03-21 14:32:20'),(34,'BRCA1BRCA2',1,'2025-03-13 08:16:17','2025-03-21 14:32:20'),(34,'CLOCK',1,'2025-03-13 08:16:27','2025-03-21 14:32:20'),(34,'COMT',1,'2025-03-13 08:16:35','2025-03-21 14:32:20'),(34,'DRD4',1,'2025-03-13 08:16:35','2025-03-21 14:32:20'),(34,'EDAR',1,'2025-03-13 08:16:27','2025-03-21 14:32:20'),(34,'FMR1',1,'2025-03-13 08:16:17','2025-03-21 14:32:20'),(34,'FTO',1,'2025-03-13 08:16:27','2025-03-21 14:32:20'),(34,'GALT',1,'2025-03-13 08:16:17','2025-03-21 14:32:20'),(34,'GBA',1,'2025-03-13 08:16:17','2025-03-21 14:32:20'),(34,'HBB',1,'2025-03-13 08:16:17','2025-03-21 14:32:20'),(34,'HEXA',1,'2025-03-13 08:16:17','2025-03-21 14:32:20'),(34,'HLA',1,'2025-03-13 08:16:27','2025-03-21 14:32:20'),(34,'LEP',1,'2025-03-13 08:16:27','2025-03-21 14:32:20'),(34,'MAOA',1,'2025-03-13 08:16:35','2025-03-21 14:32:20'),(34,'MC1R',1,'2025-03-13 08:16:27','2025-03-21 14:32:20'),(34,'NPY',1,'2025-03-13 08:16:35','2025-03-21 14:32:20'),(34,'OXTR',1,'2025-03-13 08:16:35','2025-03-21 14:32:20'),(34,'PAH',1,'2025-03-13 08:16:17','2025-03-21 14:32:20'),(34,'SLC6A4',1,'2025-03-13 08:16:35','2025-03-21 14:32:20'),(34,'SMN1',1,'2025-03-13 08:16:17','2025-03-21 14:32:20'),(34,'TCF7L2',1,'2025-03-13 08:16:17','2025-03-21 14:32:20'),(35,'5-HT2A (HTR2A)',0,'2025-05-09 11:03:52','2025-05-09 11:04:41'),(35,'ACE',0,'2025-05-09 11:03:32','2025-05-09 11:04:41'),(35,'ACTN3',0,'2025-05-09 11:03:32','2025-05-09 11:04:41'),(35,'APOE',0,'2025-05-09 11:03:52','2025-05-09 11:04:41'),(35,'ARNTL (BMAL1)',0,'2025-05-09 11:03:52','2025-05-09 11:04:41'),(35,'ASIP',0,'2025-05-09 11:03:32','2025-05-09 11:04:41'),(35,'ATP7A',1,'2025-05-09 11:04:33','2025-05-09 11:04:41'),(35,'AVPR1A',0,'2025-05-09 11:03:32','2025-05-09 11:04:41'),(35,'BDNF',0,'2025-05-09 11:03:52','2025-05-09 11:04:41'),(35,'BRCA1,',0,'2025-05-09 11:04:41','2025-05-09 11:04:41'),(35,'BRCA2',0,'2025-05-09 11:04:41','2025-05-09 11:04:41'),(35,'CADM2',0,'2025-05-09 11:03:52','2025-05-09 11:04:41'),(35,'CFTR',0,'2025-05-09 11:04:33','2025-05-09 11:04:41'),(35,'CLOCK',0,'2025-05-09 11:03:52','2025-05-09 11:04:41'),(35,'COL1A1',0,'2025-05-09 11:04:33','2025-05-09 11:04:41'),(35,'COL1A2',0,'2025-05-09 11:04:33','2025-05-09 11:04:41'),(35,'COMT',0,'2025-05-09 11:03:32','2025-05-09 11:04:41'),(35,'CYP21A2',0,'2025-05-09 11:04:33','2025-05-09 11:04:41'),(35,'DMD',0,'2025-05-09 11:04:33','2025-05-09 11:04:41'),(35,'DRD2',0,'2025-05-09 11:03:52','2025-05-09 11:04:41'),(35,'DRD4',0,'2025-05-09 11:03:52','2025-05-09 11:04:41'),(35,'EDAR',0,'2025-05-09 11:03:32','2025-05-09 11:04:41'),(35,'FMR1',0,'2025-05-09 11:04:33','2025-05-09 11:04:41'),(35,'FOXP2',0,'2025-05-09 11:03:52','2025-05-09 11:04:41'),(35,'FTO',0,'2025-05-09 11:03:32','2025-05-09 11:04:41'),(35,'G6PD',0,'2025-05-09 11:04:33','2025-05-09 11:04:41'),(35,'GALT',0,'2025-05-09 11:04:41','2025-05-09 11:04:41'),(35,'GJB2',0,'2025-05-09 11:04:33','2025-05-09 11:04:41'),(35,'GLB1',0,'2025-05-09 11:04:33','2025-05-09 11:04:41'),(35,'GRIN2B',0,'2025-05-09 11:03:52','2025-05-09 11:04:41'),(35,'HBA1',0,'2025-05-09 11:04:33','2025-05-09 11:04:41'),(35,'HBA2',0,'2025-05-09 11:04:33','2025-05-09 11:04:41'),(35,'HBB',0,'2025-05-09 11:04:33','2025-05-09 11:04:41'),(35,'HBB (E variant)',0,'2025-05-09 11:04:33','2025-05-09 11:04:41'),(35,'HERC2/OCA2',0,'2025-05-09 11:03:32','2025-05-09 11:04:41'),(35,'HEXA',1,'2025-05-09 11:04:33','2025-05-09 11:04:41'),(35,'HLA',0,'2025-05-09 11:03:32','2025-05-09 11:04:41'),(35,'KIBRA',0,'2025-05-09 11:03:52','2025-05-09 11:04:41'),(35,'LEPR',0,'2025-05-09 11:03:32','2025-05-09 11:04:41'),(35,'MAOA',0,'2025-05-09 11:03:52','2025-05-09 11:04:41'),(35,'MC1R',0,'2025-05-09 11:03:32','2025-05-09 11:04:41'),(35,'MPZ',0,'2025-05-09 11:04:33','2025-05-09 11:04:41'),(35,'MTHFR',0,'2025-05-09 11:04:41','2025-05-09 11:04:41'),(35,'MTHFR Variant',0,'2025-05-09 11:04:33','2025-05-09 11:04:41'),(35,'OXTR',0,'2025-05-09 11:03:52','2025-05-09 11:04:41'),(35,'PAH',0,'2025-05-09 11:04:33','2025-05-09 11:04:41'),(35,'PER1',0,'2025-05-09 11:03:52','2025-05-09 11:04:41'),(35,'PER3',0,'2025-05-09 11:03:52','2025-05-09 11:04:41'),(35,'PHEX',0,'2025-05-09 11:04:41','2025-05-09 11:04:41'),(35,'PPARG',0,'2025-05-09 11:03:32','2025-05-09 11:04:41'),(35,'SLC24A4',0,'2025-05-09 11:03:32','2025-05-09 11:04:41'),(35,'SLC6A4',0,'2025-05-09 11:03:52','2025-05-09 11:04:41'),(35,'SMN1',0,'2025-05-09 11:04:33','2025-05-09 11:04:41'),(35,'TAS2R38',0,'2025-05-09 11:03:32','2025-05-09 11:04:41'),(35,'TSC1',0,'2025-05-09 11:04:33','2025-05-09 11:04:41'),(35,'TSC2',0,'2025-05-09 11:04:33','2025-05-09 11:04:41'),(35,'TYR',0,'2025-05-09 11:03:32','2025-05-09 11:04:41'),(48,'ACE',0,'2025-05-07 10:36:42','2025-05-07 10:37:01'),(48,'ADRB2',0,'2025-05-07 10:36:42','2025-05-07 10:37:01'),(48,'APOE',0,'2025-05-07 10:36:42','2025-05-07 10:37:01'),(48,'APOE2',0,'2025-05-07 10:36:50','2025-05-07 10:37:01'),(48,'ATP7B',0,'2025-05-07 10:36:42','2025-05-07 10:37:01'),(48,'AVPR1A',0,'2025-05-07 10:37:01','2025-05-07 10:37:01'),(48,'BDNF',0,'2025-05-07 10:37:01','2025-05-07 10:37:01'),(48,'BRCA1BRCA2',0,'2025-05-07 10:36:42','2025-05-07 10:37:01'),(48,'CLOCK',0,'2025-05-07 10:36:50','2025-05-07 10:37:01'),(48,'COMT',0,'2025-05-07 10:37:01','2025-05-07 10:37:01'),(48,'DRD4',0,'2025-05-07 10:37:01','2025-05-07 10:37:01'),(48,'EDAR',0,'2025-05-07 10:36:50','2025-05-07 10:37:01'),(48,'FMR1',0,'2025-05-07 10:36:42','2025-05-07 10:37:01'),(48,'FTO',0,'2025-05-07 10:36:50','2025-05-07 10:37:01'),(48,'GALT',0,'2025-05-07 10:36:42','2025-05-07 10:37:01'),(48,'GBA',0,'2025-05-07 10:36:42','2025-05-07 10:37:01'),(48,'HBB',0,'2025-05-07 10:36:42','2025-05-07 10:37:01'),(48,'HEXA',0,'2025-05-07 10:36:42','2025-05-07 10:37:01'),(48,'HLA',0,'2025-05-07 10:36:50','2025-05-07 10:37:01'),(48,'LEP',0,'2025-05-07 10:36:50','2025-05-07 10:37:01'),(48,'MAOA',0,'2025-05-07 10:37:01','2025-05-07 10:37:01'),(48,'MC1R',0,'2025-05-07 10:36:50','2025-05-07 10:37:01'),(48,'NPY',0,'2025-05-07 10:37:01','2025-05-07 10:37:01'),(48,'OXTR',0,'2025-05-07 10:37:01','2025-05-07 10:37:01'),(48,'PAH',0,'2025-05-07 10:36:42','2025-05-07 10:37:01'),(48,'SLC6A4',0,'2025-05-07 10:37:01','2025-05-07 10:37:01'),(48,'SMN1',0,'2025-05-07 10:36:42','2025-05-07 10:37:01'),(48,'TCF7L2',0,'2025-05-07 10:36:42','2025-05-07 10:37:01');
/*!40000 ALTER TABLE `genetic_markers` ENABLE KEYS */;
UNLOCK TABLES;

--
-- Table structure for table `message_audios`
--

DROP TABLE IF EXISTS `message_audios`;
/*!40101 SET @saved_cs_client     = @@character_set_client */;
/*!50503 SET character_set_client = utf8mb4 */;
CREATE TABLE `message_audios` (
  `id` int NOT NULL AUTO_INCREMENT,
  `message_id` int NOT NULL,
  `audio_url` varchar(255) COLLATE utf8mb4_general_ci NOT NULL,
  `created_at` timestamp NOT NULL DEFAULT CURRENT_TIMESTAMP,
  PRIMARY KEY (`id`),
  KEY `message_id` (`message_id`),
  CONSTRAINT `message_audios_ibfk_1` FOREIGN KEY (`message_id`) REFERENCES `messages` (`id`)
) ENGINE=InnoDB DEFAULT CHARSET=utf8mb4 COLLATE=utf8mb4_general_ci;
/*!40101 SET character_set_client = @saved_cs_client */;

--
-- Dumping data for table `message_audios`
--

LOCK TABLES `message_audios` WRITE;
/*!40000 ALTER TABLE `message_audios` DISABLE KEYS */;
/*!40000 ALTER TABLE `message_audios` ENABLE KEYS */;
UNLOCK TABLES;

--
-- Table structure for table `message_photos`
--

DROP TABLE IF EXISTS `message_photos`;
/*!40101 SET @saved_cs_client     = @@character_set_client */;
/*!50503 SET character_set_client = utf8mb4 */;
CREATE TABLE `message_photos` (
  `id` int NOT NULL AUTO_INCREMENT,
  `message_id` int NOT NULL,
  `photo_url` varchar(255) COLLATE utf8mb4_general_ci NOT NULL,
  `created_at` timestamp NOT NULL DEFAULT CURRENT_TIMESTAMP,
  PRIMARY KEY (`id`),
  KEY `message_id` (`message_id`),
  CONSTRAINT `message_photos_ibfk_1` FOREIGN KEY (`message_id`) REFERENCES `messages` (`id`)
) ENGINE=InnoDB DEFAULT CHARSET=utf8mb4 COLLATE=utf8mb4_general_ci;
/*!40101 SET character_set_client = @saved_cs_client */;

--
-- Dumping data for table `message_photos`
--

LOCK TABLES `message_photos` WRITE;
/*!40000 ALTER TABLE `message_photos` DISABLE KEYS */;
/*!40000 ALTER TABLE `message_photos` ENABLE KEYS */;
UNLOCK TABLES;

--
-- Table structure for table `messages`
--

DROP TABLE IF EXISTS `messages`;
/*!40101 SET @saved_cs_client     = @@character_set_client */;
/*!50503 SET character_set_client = utf8mb4 */;
CREATE TABLE `messages` (
  `id` int NOT NULL AUTO_INCREMENT,
  `sender_id` int NOT NULL,
  `receiver_id` int NOT NULL,
  `message` text COLLATE utf8mb4_general_ci,
  `created_at` timestamp NOT NULL DEFAULT CURRENT_TIMESTAMP,
  `updated_at` timestamp NOT NULL DEFAULT CURRENT_TIMESTAMP ON UPDATE CURRENT_TIMESTAMP,
  PRIMARY KEY (`id`),
  KEY `sender_id` (`sender_id`),
  KEY `receiver_id` (`receiver_id`),
  CONSTRAINT `messages_ibfk_1` FOREIGN KEY (`sender_id`) REFERENCES `users` (`id`),
  CONSTRAINT `messages_ibfk_2` FOREIGN KEY (`receiver_id`) REFERENCES `users` (`id`)
) ENGINE=InnoDB AUTO_INCREMENT=27 DEFAULT CHARSET=utf8mb4 COLLATE=utf8mb4_general_ci;
/*!40101 SET character_set_client = @saved_cs_client */;

--
-- Dumping data for table `messages`
--

LOCK TABLES `messages` WRITE;
/*!40000 ALTER TABLE `messages` DISABLE KEYS */;
INSERT INTO `messages` VALUES (14,21,49,'Hello mia','2025-03-07 07:22:58','2025-03-07 07:22:58'),(15,21,30,'Sarah are you there?','2025-03-07 11:53:15','2025-03-07 11:53:15'),(16,30,21,'Yes James','2025-03-07 11:53:41','2025-03-07 11:53:41'),(17,21,28,'Hello Ashley','2025-03-07 15:55:55','2025-03-07 15:55:55'),(18,28,21,'Hello','2025-03-07 15:56:02','2025-03-07 15:56:02'),(19,28,31,'Hello','2025-03-07 16:13:13','2025-03-07 16:13:13'),(25,31,28,'cxcxcxc','2025-05-06 12:11:34','2025-05-06 12:11:34'),(26,31,28,'ccccccccccccccccccccccccccccccccccccccccc','2025-05-06 12:11:37','2025-05-06 12:11:37');
/*!40000 ALTER TABLE `messages` ENABLE KEYS */;
UNLOCK TABLES;

--
-- Table structure for table `notifications`
--

DROP TABLE IF EXISTS `notifications`;
/*!40101 SET @saved_cs_client     = @@character_set_client */;
/*!50503 SET character_set_client = utf8mb4 */;
CREATE TABLE `notifications` (
  `id` int NOT NULL AUTO_INCREMENT,
  `user_id` int NOT NULL,
  `notifications_user_id` int NOT NULL,
  `message` text COLLATE utf8mb4_general_ci,
  `is_read` tinyint(1) DEFAULT '0',
  `created_at` timestamp NOT NULL DEFAULT CURRENT_TIMESTAMP,
  `updated_at` timestamp NOT NULL DEFAULT CURRENT_TIMESTAMP ON UPDATE CURRENT_TIMESTAMP,
  PRIMARY KEY (`id`),
  KEY `user_id` (`user_id`),
  CONSTRAINT `notifications_ibfk_1` FOREIGN KEY (`user_id`) REFERENCES `users` (`id`)
) ENGINE=InnoDB AUTO_INCREMENT=143 DEFAULT CHARSET=utf8mb4 COLLATE=utf8mb4_general_ci;
/*!40101 SET character_set_client = @saved_cs_client */;

--
-- Dumping data for table `notifications`
--

LOCK TABLES `notifications` WRITE;
/*!40000 ALTER TABLE `notifications` DISABLE KEYS */;
INSERT INTO `notifications` VALUES (78,21,30,'{\"message\":\"You have been shortlisted by undefined undefined\",\"shortlisted_by\":{\"user_id\":30},\"shortlisted_user\":{\"user_id\":21}}',0,'2025-03-06 09:08:43','2025-03-06 09:08:43'),(79,30,21,'{\"message\":\"You have been shortlisted by undefined undefined\",\"shortlisted_by\":{\"user_id\":21},\"shortlisted_user\":{\"user_id\":30}}',0,'2025-03-06 09:09:03','2025-03-06 09:09:03'),(80,21,49,'{\"message\":\"You have been shortlisted by undefined undefined\",\"shortlisted_by\":{\"user_id\":49},\"shortlisted_user\":{\"user_id\":21}}',0,'2025-03-07 07:17:00','2025-03-07 07:17:00'),(81,49,21,'{\"message\":\"You have been shortlisted by undefined undefined\",\"shortlisted_by\":{\"user_id\":21},\"shortlisted_user\":{\"user_id\":49}}',0,'2025-03-07 07:17:43','2025-03-07 07:17:43'),(82,28,21,'{\"message\":\"You have been shortlisted by undefined undefined\",\"shortlisted_by\":{\"user_id\":21},\"shortlisted_user\":{\"user_id\":28}}',0,'2025-03-07 15:54:12','2025-03-07 15:54:12'),(83,21,28,'{\"message\":\"You have been shortlisted by undefined undefined\",\"shortlisted_by\":{\"user_id\":28},\"shortlisted_user\":{\"user_id\":21}}',0,'2025-03-07 15:54:28','2025-03-07 15:54:28'),(84,30,31,'{\"message\":\"You have been shortlisted by undefined undefined\",\"shortlisted_by\":{\"user_id\":31},\"shortlisted_user\":{\"user_id\":30}}',0,'2025-03-07 16:00:41','2025-03-07 16:00:41'),(85,28,31,'{\"message\":\"You have been shortlisted by undefined undefined\",\"shortlisted_by\":{\"user_id\":31},\"shortlisted_user\":{\"user_id\":28}}',0,'2025-03-07 16:12:33','2025-03-07 16:12:33'),(86,31,28,'{\"message\":\"You have been shortlisted by undefined undefined\",\"shortlisted_by\":{\"user_id\":28},\"shortlisted_user\":{\"user_id\":31}}',0,'2025-03-07 16:12:50','2025-03-07 16:12:50'),(87,34,31,'{\"message\":\"You have been shortlisted by undefined undefined\",\"shortlisted_by\":{\"user_id\":31},\"shortlisted_user\":{\"user_id\":34}}',0,'2025-03-12 19:03:33','2025-03-12 19:03:33'),(88,34,31,'{\"message\":\"You have been shortlisted by undefined undefined\",\"shortlisted_by\":{\"user_id\":31},\"shortlisted_user\":{\"user_id\":34}}',0,'2025-03-13 14:12:49','2025-03-13 14:12:49'),(89,34,31,'{\"message\":\"You have been shortlisted by undefined undefined\",\"shortlisted_by\":{\"user_id\":31},\"shortlisted_user\":{\"user_id\":34}}',0,'2025-03-16 17:15:00','2025-03-16 17:15:00'),(90,34,31,'{\"message\":\"You have been shortlisted by undefined undefined\",\"shortlisted_by\":{\"user_id\":31},\"shortlisted_user\":{\"user_id\":34}}',0,'2025-03-16 17:20:17','2025-03-16 17:20:17'),(91,34,31,'{\"message\":\"You have been shortlisted by undefined undefined\",\"shortlisted_by\":{\"user_id\":31},\"shortlisted_user\":{\"user_id\":34}}',0,'2025-03-16 17:22:22','2025-03-16 17:22:22'),(92,34,31,'{\"message\":\"You have been shortlisted by undefined undefined\",\"shortlisted_by\":{\"user_id\":31},\"shortlisted_user\":{\"user_id\":34}}',0,'2025-03-16 17:39:13','2025-03-16 17:39:13'),(93,34,31,'{\"message\":\"You have been shortlisted by undefined undefined\",\"shortlisted_by\":{\"user_id\":31},\"shortlisted_user\":{\"user_id\":34}}',0,'2025-03-16 17:47:41','2025-03-16 17:47:41'),(94,26,31,'{\"message\":\"You have been shortlisted by undefined undefined\",\"shortlisted_by\":{\"user_id\":31},\"shortlisted_user\":{\"user_id\":26}}',0,'2025-03-16 19:13:49','2025-03-16 19:13:49'),(95,49,50,'{\"message\":\"You have been shortlisted by undefined undefined\",\"shortlisted_by\":{\"user_id\":50},\"shortlisted_user\":{\"user_id\":49}}',0,'2025-03-17 06:25:02','2025-03-17 06:25:02'),(96,26,50,'{\"message\":\"You have been shortlisted by undefined undefined\",\"shortlisted_by\":{\"user_id\":50},\"shortlisted_user\":{\"user_id\":26}}',0,'2025-03-17 06:28:28','2025-03-17 06:28:28'),(97,49,50,'{\"message\":\"You have been shortlisted by undefined undefined\",\"shortlisted_by\":{\"user_id\":50},\"shortlisted_user\":{\"user_id\":49}}',0,'2025-03-17 06:28:37','2025-03-17 06:28:37'),(98,49,50,'{\"message\":\"You have been shortlisted by undefined undefined\",\"shortlisted_by\":{\"user_id\":50},\"shortlisted_user\":{\"user_id\":49}}',0,'2025-03-17 06:28:53','2025-03-17 06:28:53'),(100,26,50,'{\"message\":\"You have been shortlisted by undefined undefined\",\"shortlisted_by\":{\"user_id\":50},\"shortlisted_user\":{\"user_id\":26}}',0,'2025-03-17 06:30:12','2025-03-17 06:30:12'),(101,28,31,'{\"message\":\"You have been shortlisted by undefined undefined\",\"shortlisted_by\":{\"user_id\":31},\"shortlisted_user\":{\"user_id\":28}}',0,'2025-03-21 13:01:16','2025-03-21 13:01:16'),(102,28,31,'{\"message\":\"You have been shortlisted by undefined undefined\",\"shortlisted_by\":{\"user_id\":31},\"shortlisted_user\":{\"user_id\":28}}',0,'2025-03-21 13:01:35','2025-03-21 13:01:35'),(103,26,31,'{\"message\":\"You have been shortlisted by undefined undefined\",\"shortlisted_by\":{\"user_id\":31},\"shortlisted_user\":{\"user_id\":26}}',0,'2025-03-21 13:02:29','2025-03-21 13:02:29'),(104,26,31,'{\"message\":\"You have been shortlisted by undefined undefined\",\"shortlisted_by\":{\"user_id\":31},\"shortlisted_user\":{\"user_id\":26}}',0,'2025-03-21 13:03:24','2025-03-21 13:03:24'),(105,34,31,'{\"message\":\"You have been shortlisted by undefined undefined\",\"shortlisted_by\":{\"user_id\":31},\"shortlisted_user\":{\"user_id\":34}}',0,'2025-03-21 13:03:53','2025-03-21 13:03:53'),(106,34,31,'{\"message\":\"You have been shortlisted by undefined undefined\",\"shortlisted_by\":{\"user_id\":31},\"shortlisted_user\":{\"user_id\":34}}',0,'2025-03-21 13:21:44','2025-03-21 13:21:44'),(107,34,31,'{\"message\":\"You have been shortlisted by undefined undefined\",\"shortlisted_by\":{\"user_id\":31},\"shortlisted_user\":{\"user_id\":34}}',0,'2025-03-21 13:22:40','2025-03-21 13:22:40'),(108,28,31,'{\"message\":\"You have been shortlisted by undefined undefined\",\"shortlisted_by\":{\"user_id\":31},\"shortlisted_user\":{\"user_id\":28}}',0,'2025-03-21 13:34:53','2025-03-21 13:34:53'),(109,31,34,'{\"message\":\"You have been shortlisted by undefined undefined\",\"shortlisted_by\":{\"user_id\":34},\"shortlisted_user\":{\"user_id\":31}}',0,'2025-03-28 13:30:10','2025-03-28 13:30:10'),(110,31,34,'{\"message\":\"You have been shortlisted by undefined undefined\",\"shortlisted_by\":{\"user_id\":34},\"shortlisted_user\":{\"user_id\":31}}',0,'2025-03-28 13:47:57','2025-03-28 13:47:57'),(111,35,34,'{\"message\":\"You have been shortlisted by undefined undefined\",\"shortlisted_by\":{\"user_id\":34},\"shortlisted_user\":{\"user_id\":35}}',0,'2025-03-28 13:50:14','2025-03-28 13:50:14'),(112,21,34,'{\"message\":\"You have been shortlisted by undefined undefined\",\"shortlisted_by\":{\"user_id\":34},\"shortlisted_user\":{\"user_id\":21}}',0,'2025-03-28 14:01:26','2025-03-28 14:01:26'),(113,30,31,'{\"message\":\"You have been shortlisted by undefined undefined\",\"shortlisted_by\":{\"user_id\":31},\"shortlisted_user\":{\"user_id\":30}}',0,'2025-04-01 07:05:57','2025-04-01 07:05:57'),(114,34,31,'{\"message\":\"You have been shortlisted by undefined undefined\",\"shortlisted_by\":{\"user_id\":31},\"shortlisted_user\":{\"user_id\":34}}',0,'2025-04-16 21:36:50','2025-04-16 21:36:50'),(115,26,31,'{\"message\":\"You have been shortlisted by undefined undefined\",\"shortlisted_by\":{\"user_id\":31},\"shortlisted_user\":{\"user_id\":26}}',0,'2025-04-16 21:36:55','2025-04-16 21:36:55'),(116,26,31,'{\"message\":\"You have been shortlisted by undefined undefined\",\"shortlisted_by\":{\"user_id\":31},\"shortlisted_user\":{\"user_id\":26}}',0,'2025-04-16 21:37:16','2025-04-16 21:37:16'),(117,34,31,'{\"message\":\"You have been shortlisted by undefined undefined\",\"shortlisted_by\":{\"user_id\":31},\"shortlisted_user\":{\"user_id\":34}}',0,'2025-04-16 21:37:28','2025-04-16 21:37:28'),(118,29,51,'{\"message\":\"You have been shortlisted by undefined undefined\",\"shortlisted_by\":{\"user_id\":51},\"shortlisted_user\":{\"user_id\":29}}',0,'2025-04-18 11:19:03','2025-04-18 11:19:03'),(119,21,51,'{\"message\":\"You have been shortlisted by undefined undefined\",\"shortlisted_by\":{\"user_id\":51},\"shortlisted_user\":{\"user_id\":21}}',0,'2025-04-18 11:19:07','2025-04-18 11:19:07'),(123,26,51,'{\"message\":\"You have been shortlisted by undefined undefined\",\"shortlisted_by\":{\"user_id\":51},\"shortlisted_user\":{\"user_id\":26}}',0,'2025-04-18 13:23:09','2025-04-18 13:23:09'),(124,34,31,'{\"message\":\"You have been shortlisted by undefined undefined\",\"shortlisted_by\":{\"user_id\":31},\"shortlisted_user\":{\"user_id\":34}}',0,'2025-05-05 06:02:52','2025-05-05 06:02:52'),(125,34,31,'{\"message\":\"You have been shortlisted by undefined undefined\",\"shortlisted_by\":{\"user_id\":31},\"shortlisted_user\":{\"user_id\":34}}',0,'2025-05-05 06:03:59','2025-05-05 06:03:59'),(126,34,31,'{\"message\":\"You have been shortlisted by undefined undefined\",\"shortlisted_by\":{\"user_id\":31},\"shortlisted_user\":{\"user_id\":34}}',0,'2025-05-05 06:04:09','2025-05-05 06:04:09'),(127,31,34,'{\"message\":\"You have been shortlisted by undefined undefined\",\"shortlisted_by\":{\"user_id\":34},\"shortlisted_user\":{\"user_id\":31}}',0,'2025-05-05 06:05:24','2025-05-05 06:05:24'),(128,27,34,'{\"message\":\"You have been shortlisted by undefined undefined\",\"shortlisted_by\":{\"user_id\":34},\"shortlisted_user\":{\"user_id\":27}}',0,'2025-05-05 06:05:45','2025-05-05 06:05:45'),(129,34,27,'{\"message\":\"You have been shortlisted by undefined undefined\",\"shortlisted_by\":{\"user_id\":27},\"shortlisted_user\":{\"user_id\":34}}',0,'2025-05-05 06:06:25','2025-05-05 06:06:25'),(130,34,51,'{\"message\":\"You have been shortlisted by undefined undefined\",\"shortlisted_by\":{\"user_id\":51},\"shortlisted_user\":{\"user_id\":34}}',0,'2025-05-05 10:37:10','2025-05-05 10:37:10'),(132,49,31,'{\"message\":\"You have been shortlisted by undefined undefined\",\"shortlisted_by\":{\"user_id\":31},\"shortlisted_user\":{\"user_id\":49}}',0,'2025-05-06 12:03:33','2025-05-06 12:03:33'),(133,32,31,'{\"message\":\"You have been shortlisted by undefined undefined\",\"shortlisted_by\":{\"user_id\":31},\"shortlisted_user\":{\"user_id\":32}}',0,'2025-05-06 12:09:31','2025-05-06 12:09:31'),(134,32,48,'{\"message\":\"You have been shortlisted by undefined undefined\",\"shortlisted_by\":{\"user_id\":48},\"shortlisted_user\":{\"user_id\":32}}',0,'2025-05-07 10:33:53','2025-05-07 10:33:53'),(135,22,48,'{\"message\":\"You have been shortlisted by undefined undefined\",\"shortlisted_by\":{\"user_id\":48},\"shortlisted_user\":{\"user_id\":22}}',0,'2025-05-07 10:35:23','2025-05-07 10:35:23'),(136,26,31,'{\"message\":\"You have been shortlisted by undefined undefined\",\"shortlisted_by\":{\"user_id\":31},\"shortlisted_user\":{\"user_id\":26}}',0,'2025-05-07 11:30:18','2025-05-07 11:30:18'),(137,25,22,'{\"message\":\"You have been shortlisted by undefined undefined\",\"shortlisted_by\":{\"user_id\":22},\"shortlisted_user\":{\"user_id\":25}}',0,'2025-05-07 15:22:14','2025-05-07 15:22:14'),(138,25,22,'{\"message\":\"You have been shortlisted by undefined undefined\",\"shortlisted_by\":{\"user_id\":22},\"shortlisted_user\":{\"user_id\":25}}',0,'2025-05-09 13:45:01','2025-05-09 13:45:01'),(139,30,31,'{\"message\":\"You have been shortlisted by undefined undefined\",\"shortlisted_by\":{\"user_id\":31},\"shortlisted_user\":{\"user_id\":30}}',0,'2025-05-21 09:38:35','2025-05-21 09:38:35'),(140,25,22,'{\"message\":\"You have been shortlisted by undefined undefined\",\"shortlisted_by\":{\"user_id\":22},\"shortlisted_user\":{\"user_id\":25}}',0,'2025-05-30 05:45:20','2025-05-30 05:45:20'),(141,48,22,'{\"message\":\"You have been shortlisted by undefined undefined\",\"shortlisted_by\":{\"user_id\":22},\"shortlisted_user\":{\"user_id\":48}}',0,'2025-06-18 13:26:07','2025-06-18 13:26:07'),(142,30,31,'{\"message\":\"You have been shortlisted by undefined undefined\",\"shortlisted_by\":{\"user_id\":31},\"shortlisted_user\":{\"user_id\":30}}',0,'2025-07-29 05:14:00','2025-07-29 05:14:00');
/*!40000 ALTER TABLE `notifications` ENABLE KEYS */;
UNLOCK TABLES;

--
-- Table structure for table `personality_questions`
--

DROP TABLE IF EXISTS `personality_questions`;
/*!40101 SET @saved_cs_client     = @@character_set_client */;
/*!50503 SET character_set_client = utf8mb4 */;
CREATE TABLE `personality_questions` (
  `id` int NOT NULL AUTO_INCREMENT,
  `question` text COLLATE utf8mb4_general_ci NOT NULL,
  `trait` enum('Openness','Conscientiousness','Extraversion','Agreeableness','Neuroticism') COLLATE utf8mb4_general_ci NOT NULL,
  `region` enum('east','north','northeast','south','west') COLLATE utf8mb4_general_ci DEFAULT NULL,
  PRIMARY KEY (`id`)
) ENGINE=InnoDB AUTO_INCREMENT=126 DEFAULT CHARSET=utf8mb4 COLLATE=utf8mb4_general_ci;
/*!40101 SET character_set_client = @saved_cs_client */;

--
-- Dumping data for table `personality_questions`
--

LOCK TABLES `personality_questions` WRITE;
/*!40000 ALTER TABLE `personality_questions` DISABLE KEYS */;
INSERT INTO `personality_questions` VALUES (1,'I enjoy reading local literature, like Tagore or Odia poetry.','Openness','east'),(2,'I like experimenting with art, dance, or music forms from my state.','Openness','east'),(3,'I enjoy celebrating festivals like Durga Puja or Bihu in different ways.','Openness','east'),(4,'I am interested in traditional crafts like handloom or folk art.','Openness','east'),(5,'I like trying fusion cuisine that mixes local and modern elements.','Openness','east'),(6,'I help prepare for Durga Puja or Bihu well in advance.','Conscientiousness','east'),(7,'I take care of responsibilities even during cultural events.','Conscientiousness','east'),(8,'I stay consistent in my studies or work.','Conscientiousness','east'),(9,'I like making lists and staying organized.','Conscientiousness','east'),(10,'I don\'t delay work even if there\'s a family gathering.','Conscientiousness','east'),(11,'I get excited to meet people during community pujas or melas.','Extraversion','east'),(12,'I enjoy talking with others in local markets or tea shops.','Extraversion','east'),(13,'I participate actively in folk dance or music programs.','Extraversion','east'),(14,'I love family reunions and social events.','Extraversion','east'),(15,'I like being part of organizing school or college functions.','Extraversion','east'),(16,'I help neighbors during events like Durga Puja or community feasts.','Agreeableness','east'),(17,'I believe in being polite and respectful to everyone.','Agreeableness','east'),(18,'I take care of family and friends when they need me.','Agreeableness','east'),(19,'I avoid arguments and try to understand other points of view.','Agreeableness','east'),(20,'I try to forgive people who have hurt me.','Agreeableness','east'),(21,'I feel emotionally affected by what relatives say about my decisions.','Neuroticism','east'),(22,'I worry a lot when results or feedback are delayed.','Neuroticism','east'),(23,'I feel anxious when others compare me to my peers.','Neuroticism','east'),(24,'I often feel stressed before major festivals or exams.','Neuroticism','east'),(25,'I get upset easily if plans change suddenly.','Neuroticism','east'),(26,'I enjoy exploring different states during holidays, like Himachal or Uttarakhand.','Openness','north'),(27,'I am curious about traditional dances like Bhangra or Kathak.','Openness','north'),(28,'I enjoy watching historical Indian movies or epic TV serials.','Openness','north'),(29,'I like tasting regional dishes like chole bhature or rajma chawal.','Openness','north'),(30,'I\'m open to discussing different religious or cultural perspectives.','Openness','north'),(31,'I make sure everything is arranged before a big wedding or function.','Conscientiousness','north'),(32,'I plan well for festivals like Diwali or Holi.','Conscientiousness','north'),(33,'I take pride in maintaining cleanliness at home during festivals.','Conscientiousness','north'),(34,'I help manage community events or religious gatherings.','Conscientiousness','north'),(35,'I finish my tasks before relaxing with family.','Conscientiousness','north'),(36,'I enjoy chatting with people at weddings or community langars.','Extraversion','north'),(37,'I like being involved in group celebrations and dancing.','Extraversion','north'),(38,'I start conversations easily at local tea stalls or parks.','Extraversion','north'),(39,'I enjoy attending large family functions.','Extraversion','north'),(40,'I feel energized after spending time with relatives and neighbors.','Extraversion','north'),(41,'I always touch elders\' feet and follow cultural respect.','Agreeableness','north'),(42,'I try to resolve conflicts peacefully within the family.','Agreeableness','north'),(43,'I help neighbors without expecting anything in return.','Agreeableness','north'),(44,'I believe in maintaining good relations with extended family.','Agreeableness','north'),(45,'I show empathy when others are in distress.','Agreeableness','north'),(46,'I feel anxious during board exams or when elders are upset.','Neuroticism','north'),(47,'I get stressed when guests arrive unexpectedly.','Neuroticism','north'),(48,'I feel overwhelmed during big social functions.','Neuroticism','north'),(49,'I worry about fulfilling family expectations.','Neuroticism','north'),(50,'I feel nervous about how society views my actions.','Neuroticism','north'),(51,'I appreciate traditional tribal art, fashion, or musical forms.','Openness','northeast'),(52,'I enjoy exploring nature and trekking in the hills.','Openness','northeast'),(53,'I like learning about other tribes or regional communities.','Openness','northeast'),(54,'I\'m open to blending tradition with modern lifestyle.','Openness','northeast'),(55,'I enjoy attending and organizing local cultural festivals.','Openness','northeast'),(56,'I stay organized while balancing church, school, or village events.','Conscientiousness','northeast'),(57,'I help in community work like cleaning drives or meetings.','Conscientiousness','northeast'),(58,'I value punctuality and reliability in my work.','Conscientiousness','northeast'),(59,'I make sure I prepare well before any group event or performance.','Conscientiousness','northeast'),(60,'I stay focused even when friends are relaxing.','Conscientiousness','northeast'),(61,'I look forward to festivals like Hornbill or Yaoshang with friends.','Extraversion','northeast'),(62,'I enjoy playing sports or attending youth meets.','Extraversion','northeast'),(63,'I feel comfortable making new friends at social events.','Extraversion','northeast'),(64,'I like helping plan community celebrations or church functions.','Extraversion','northeast'),(65,'I enjoy dancing and singing with others at festivals.','Extraversion','northeast'),(66,'I believe in community welfare and support village decisions.','Agreeableness','northeast'),(67,'I respect elders and leaders in my community.','Agreeableness','northeast'),(68,'I help out during emergencies without hesitation.','Agreeableness','northeast'),(69,'I try to be fair and kind to everyone I meet.','Agreeableness','northeast'),(70,'I value unity and cooperation in my society.','Agreeableness','northeast'),(71,'I feel emotionally sensitive about community or tribal opinions.','Neuroticism','northeast'),(72,'I get nervous when I\'m the center of attention.','Neuroticism','northeast'),(73,'I feel anxious when separated from family during hard times.','Neuroticism','northeast'),(74,'I often worry about not being good enough.','Neuroticism','northeast'),(75,'I feel stressed when traditions or values are challenged.','Neuroticism','northeast'),(76,'I like learning classical forms like Bharatanatyam or Carnatic music.','Openness','south'),(77,'I enjoy watching movies in different South Indian languages.','Openness','south'),(78,'I appreciate visiting heritage temples and ancient sites.','Openness','south'),(79,'I like trying regional dishes like dosa, appam, or Hyderabadi biryani.','Openness','south'),(80,'I\'m open to understanding different customs within South India.','Openness','south'),(81,'I stick to my study/work schedule even during temple festivals.','Conscientiousness','south'),(82,'I plan temple visits or pujas in advance.','Conscientiousness','south'),(83,'I take pride in my punctuality and discipline.','Conscientiousness','south'),(84,'I ensure responsibilities at home are managed before leisure.','Conscientiousness','south'),(85,'I stay committed to long-term personal or career goals.','Conscientiousness','south'),(86,'I love group temple visits or social gatherings in the locality.','Extraversion','south'),(87,'I participate actively in cultural programs or celebrations.','Extraversion','south'),(88,'I enjoy talking with neighbors and shopkeepers.','Extraversion','south'),(89,'I feel energized when I\'m with family or friends during festivals.','Extraversion','south'),(90,'I initiate conversations in buses or local trains.','Extraversion','south'),(91,'I believe in serving guests with full hospitality, like at home temples.','Agreeableness','south'),(92,'I respect the advice of elders in family matters.','Agreeableness','south'),(93,'I try to help people even when I\'m busy.','Agreeableness','south'),(94,'I avoid conflict and try to keep peace in the house.','Agreeableness','south'),(95,'I support friends and family during difficult times.','Agreeableness','south'),(96,'I overthink if I disappoint my family or community elders.','Neuroticism','south'),(97,'I feel anxious when I fall behind on responsibilities.','Neuroticism','south'),(98,'I get nervous before important family or religious events.','Neuroticism','south'),(99,'I worry about maintaining my reputation in society.','Neuroticism','south'),(100,'I often feel overwhelmed when expectations are high.','Neuroticism','south'),(101,'I\'m curious about regional festivals like Ganesh Chaturthi or Navratri.','Openness','west'),(102,'I enjoy learning about ancient forts and local history.','Openness','west'),(103,'I try different types of cuisine, from Maharashtrian to Rajasthani.','Openness','west'),(104,'I\'m open to participating in both modern and traditional events.','Openness','west'),(105,'I like watching regional cinema and folk dramas.','Openness','west'),(106,'I manage time well during busy Navratri or Diwali preparations.','Conscientiousness','west'),(107,'I make sure my home is decorated and clean for festivals.','Conscientiousness','west'),(108,'I maintain a balance between work and family time.','Conscientiousness','west'),(109,'I keep my commitments even during social functions.','Conscientiousness','west'),(110,'I like to plan finances and track expenses carefully.','Conscientiousness','west'),(111,'I love dancing garba or dandiya with large groups.','Extraversion','west'),(112,'I enjoy being around people during society gatherings or events.','Extraversion','west'),(113,'I like starting conversations in local trains or during festivals.','Extraversion','west'),(114,'I feel energetic when involved in planning or organizing events.','Extraversion','west'),(115,'I enjoy being with people in crowded places like markets or fairs.','Extraversion','west'),(116,'I am cooperative during building or society-level events.','Agreeableness','west'),(117,'I show care to elders and respect their advice.','Agreeableness','west'),(118,'I believe in being generous and helpful to those in need.','Agreeableness','west'),(119,'I try to bring people together when there\'s conflict.','Agreeableness','west'),(120,'I am loyal and dependable in friendships.','Agreeableness','west'),(121,'I get easily stressed when there are too many guests or events.','Neuroticism','west'),(122,'I feel anxious when I can\'t meet my own high standards.','Neuroticism','west'),(123,'I overthink about financial security and future plans.','Neuroticism','west'),(124,'I get irritated when things don\'t go as planned.','Neuroticism','west'),(125,'I often worry about making mistakes in public.','Neuroticism','west');
/*!40000 ALTER TABLE `personality_questions` ENABLE KEYS */;
UNLOCK TABLES;

--
-- Table structure for table `profile_data`
--

DROP TABLE IF EXISTS `profile_data`;
/*!40101 SET @saved_cs_client     = @@character_set_client */;
/*!50503 SET character_set_client = utf8mb4 */;
CREATE TABLE `profile_data` (
  `id` int NOT NULL AUTO_INCREMENT,
  `user_id` int NOT NULL,
  `height` decimal(5,2) DEFAULT NULL,
  `weight` decimal(5,2) DEFAULT NULL,
  `body_type` enum('Ectomorph','Mesomorph','Endomorph') COLLATE utf8mb4_general_ci DEFAULT NULL,
  `ethnicity` enum('White','Black or African','Asian','Indigenous or Native Peoples','Hispanic or Latino','Middle Eastern and North African') COLLATE utf8mb4_general_ci DEFAULT NULL,
  `eye_color` enum('Amber','Blue','Brown','Gray','Green','Hazel','Red or Pink','Violet') COLLATE utf8mb4_general_ci DEFAULT NULL,
  `hair_color` enum('Black','Blonde','Brown','Gray','Red','Silver','White') COLLATE utf8mb4_general_ci DEFAULT NULL,
  `blood_type` enum('Yes','No') COLLATE utf8mb4_general_ci NOT NULL,
  `family_history_of_genetic_disorders` enum('Yes','No') COLLATE utf8mb4_general_ci DEFAULT NULL,
  `genetic_testing_results` varchar(255) COLLATE utf8mb4_general_ci DEFAULT NULL,
  `reproductive_health` varchar(255) COLLATE utf8mb4_general_ci DEFAULT NULL,
  `known_genetic_predispositions` enum('Yes','No') COLLATE utf8mb4_general_ci DEFAULT NULL,
  `hormonal_profile` enum('Normal','Low Estrogen/Testosterone','High Estrogen/Testosterone','Not sure') COLLATE utf8mb4_general_ci DEFAULT NULL,
  `energy_levels` enum('High','Moderate','Low') COLLATE utf8mb4_general_ci DEFAULT NULL,
  `diet` enum('Vegetarian','Vegan','Omnivore') COLLATE utf8mb4_general_ci DEFAULT NULL,
  `exercise_level` enum('Daily','3-5 times per week','Occasionally','Rarely') COLLATE utf8mb4_general_ci DEFAULT NULL,
  `fertility_history` enum('Yes','No') COLLATE utf8mb4_general_ci DEFAULT NULL,
  `attachment_style` enum('Secure','Anxious','Avoidant') COLLATE utf8mb4_general_ci DEFAULT NULL,
  `conflict_resolution_style` enum('Confrontational','Collaborative','Avoidant') COLLATE utf8mb4_general_ci DEFAULT NULL,
  `risk_tolerance` enum('High','Moderate','Low') COLLATE utf8mb4_general_ci DEFAULT NULL,
  `sense_of_humor` enum('Dry/Witty','Playful/Fun','Sarcastic','Intellectual') COLLATE utf8mb4_general_ci DEFAULT NULL,
  `stress_handling` enum('Calm and collected','Sometimes overwhelmed but recover quickly','Frequently stressed and anxious') COLLATE utf8mb4_general_ci DEFAULT NULL,
  `work_life_balance` enum('Very career-focused','Balanced between career and personal life','Prefer more personal life focus') COLLATE utf8mb4_general_ci DEFAULT NULL,
  `social_preferences` enum('Extrovert','Introvert','Ambivert') COLLATE utf8mb4_general_ci DEFAULT NULL,
  `preferred_environment` enum('Urban','Suburban','Rural') COLLATE utf8mb4_general_ci DEFAULT NULL,
  `importance_of_travel` enum('Very important','Somewhat important','Not important') COLLATE utf8mb4_general_ci DEFAULT NULL,
  `want_children` enum('Yes','Maybe','No','Not sure') COLLATE utf8mb4_general_ci DEFAULT NULL,
  `number_of_children` enum('1-2','3-4','5+') COLLATE utf8mb4_general_ci DEFAULT NULL,
  `parenting_style` enum('Structured and disciplined','Flexible and nurturing','Combination of both') COLLATE utf8mb4_general_ci DEFAULT NULL,
  `career_goals` enum('Highly ambitious','Moderately ambitious','Less focused on career') COLLATE utf8mb4_general_ci DEFAULT NULL,
  `cultural_or_religious_beliefs` enum('Yes','No') COLLATE utf8mb4_general_ci DEFAULT NULL,
  `family_dynamics` enum('Very close-knit','Somewhat close','Not close') COLLATE utf8mb4_general_ci DEFAULT NULL,
  `relationship_with_parents` enum('Yes','No') COLLATE utf8mb4_general_ci DEFAULT NULL,
  `importance_of_family` enum('Very important','Moderately important','Not important') COLLATE utf8mb4_general_ci DEFAULT NULL,
  `created_at` timestamp NULL DEFAULT CURRENT_TIMESTAMP,
  `updated_at` timestamp NULL DEFAULT CURRENT_TIMESTAMP ON UPDATE CURRENT_TIMESTAMP,
  `biological_attraction` enum('Lifestyle','Weight','Fitness') COLLATE utf8mb4_general_ci DEFAULT NULL,
  `psychological_compatibility` enum('Empathy','Adventurousness','Commitment') COLLATE utf8mb4_general_ci DEFAULT NULL,
  `birth_defects` enum('Cystic Fibrosis','Sickle Cell','Tay-Sachs','Thalassemia') COLLATE utf8mb4_general_ci DEFAULT NULL,
  PRIMARY KEY (`id`),
  KEY `user_id` (`user_id`),
  CONSTRAINT `profile_data_ibfk_1` FOREIGN KEY (`user_id`) REFERENCES `users` (`id`) ON DELETE CASCADE
) ENGINE=InnoDB AUTO_INCREMENT=53 DEFAULT CHARSET=utf8mb4 COLLATE=utf8mb4_general_ci;
/*!40101 SET character_set_client = @saved_cs_client */;

--
-- Dumping data for table `profile_data`
--

LOCK TABLES `profile_data` WRITE;
/*!40000 ALTER TABLE `profile_data` DISABLE KEYS */;
INSERT INTO `profile_data` VALUES (14,21,155.60,87.10,'Ectomorph','Black or African','Blue','Silver','Yes','Yes','[\"Emotional Stability\",\"Social Bonding\",\"Openness\"]','Normal fertility','Yes','Normal','High','Vegetarian','Daily','Yes','Avoidant','Avoidant','Low','Intellectual','Calm and collected','Balanced between career and personal life','Ambivert','Suburban','Very important','Yes','5+','Flexible and nurturing','Moderately ambitious','Yes','Very close-knit','Yes','Very important','2025-02-06 05:34:20','2025-05-07 10:16:18','Lifestyle','Adventurousness','Cystic Fibrosis'),(15,22,155.10,69.00,'Mesomorph','Asian','Green','Brown','Yes','No','','Fertility concerns','Yes','High Estrogen/Testosterone','Low','Omnivore','Occasionally','Yes','Avoidant','Confrontational','High','Playful/Fun','Sometimes overwhelmed but recover quickly','Very career-focused','Extrovert','Urban','Somewhat important','No',NULL,'Combination of both','Moderately ambitious','No','Very close-knit','No','Moderately important','2025-02-06 06:31:03','2025-05-07 13:28:12','Lifestyle','Adventurousness','Cystic Fibrosis'),(18,25,183.50,85.10,'Mesomorph','Indigenous or Native Peoples','Amber','Red','Yes','Yes','','Fertility concerns','Yes','High Estrogen/Testosterone','Low','Omnivore','3-5 times per week','No','Secure','Confrontational','High','Playful/Fun','Sometimes overwhelmed but recover quickly','Very career-focused','Extrovert','Urban','Somewhat important','No',NULL,'Combination of both','Moderately ambitious','No','Very close-knit','No','Very important','2025-02-06 08:22:37','2025-05-07 17:14:15','Weight','Commitment','Sickle Cell'),(19,26,157.00,87.20,'Endomorph','Asian','Hazel','Red','No','No','','Normal fertility','No','Not sure','High','Vegetarian','Daily','No','Avoidant','Confrontational','Low','Intellectual','Frequently stressed and anxious','Very career-focused','Extrovert','Urban','Somewhat important','No',NULL,'Flexible and nurturing','Moderately ambitious','No','Very close-knit','No','Not important','2025-02-06 08:45:07','2025-05-07 09:53:42','Weight','Commitment','Sickle Cell'),(20,27,187.50,88.40,'Endomorph','Black or African','Blue','Silver','Yes','No','','Fertility concerns','No','Low Estrogen/Testosterone','High','Vegan','Rarely','No','Anxious','Avoidant','Moderate','Dry/Witty','Calm and collected','Very career-focused','Extrovert','Suburban','Very important','Yes','5+','Structured and disciplined','Highly ambitious','Yes','Very close-knit','Yes','Very important','2025-02-06 09:27:16','2025-05-09 03:27:07','Fitness','Empathy','Tay-Sachs'),(21,28,190.80,98.90,'Endomorph','Black or African','Blue','Silver','Yes','No','','Fertility concerns','No','Low Estrogen/Testosterone','High','Vegan','Rarely','No','Anxious','Avoidant','Moderate','Dry/Witty','Calm and collected','Very career-focused','Extrovert','Suburban','Very important','Yes','5+','Structured and disciplined','Highly ambitious','Yes','Very close-knit','Yes','Very important','2025-02-06 10:03:42','2025-03-06 12:49:11','Fitness','Empathy','Tay-Sachs'),(22,29,195.30,93.00,'Ectomorph','Middle Eastern and North African','Blue','Brown','No','Yes','','Fertility concerns','No','Not sure','Moderate','Vegetarian','Daily','Yes','Avoidant','Avoidant','Moderate','Intellectual','Sometimes overwhelmed but recover quickly','Balanced between career and personal life','Ambivert','Urban','Very important','Yes','1-2','Flexible and nurturing','Highly ambitious','Yes','Very close-knit','Yes','Very important','2025-02-06 10:43:04','2025-03-06 12:18:00','Lifestyle','Adventurousness','Thalassemia'),(23,30,159.50,72.40,'Mesomorph','Black or African','Brown','Gray','Yes','Yes','','Normal fertility','Yes','Normal','Low','Vegetarian','3-5 times per week','No','Anxious','Collaborative','High','Intellectual','Calm and collected','Very career-focused','Extrovert','Suburban','Very important','No',NULL,'Flexible and nurturing','Moderately ambitious','Yes','Very close-knit','Yes','Very important','2025-02-06 10:57:26','2025-03-06 12:55:12','Lifestyle','Adventurousness','Thalassemia'),(24,31,164.80,98.40,'Endomorph','Indigenous or Native Peoples','Green','Black','No','Yes','','Fertility concerns','Yes','Normal','Low','Vegetarian','3-5 times per week','Yes','Avoidant','Confrontational','Low','Playful/Fun','Calm and collected','Very career-focused','Extrovert','Urban','Very important','Yes','5+','Structured and disciplined','Highly ambitious','Yes','Very close-knit','Yes','Moderately important','2025-02-06 11:10:55','2025-05-07 13:24:42','Weight','Commitment','Cystic Fibrosis'),(25,32,183.50,65.70,'Mesomorph','Hispanic or Latino','Blue','Silver','No','No','','Normal fertility','No','Not sure','Low','Omnivore','Daily','No','Avoidant','Confrontational','Low','Sarcastic','Calm and collected','Balanced between career and personal life','Extrovert','Urban','Very important','No',NULL,'Flexible and nurturing','Highly ambitious','Yes','Not close','Yes','Not important','2025-02-06 11:46:40','2025-03-07 05:03:25','Weight','Commitment','Cystic Fibrosis'),(26,33,176.40,83.40,'Endomorph','Asian','Hazel','Black','Yes','No','','Normal fertility','No','High Estrogen/Testosterone','Moderate','Omnivore','3-5 times per week','No','Secure','Avoidant','Low','Sarcastic','Calm and collected','Balanced between career and personal life','Introvert','Urban','Very important','No',NULL,'Structured and disciplined','Highly ambitious','Yes','Very close-knit','Yes','Not important','2025-02-06 12:14:16','2025-05-07 10:02:04','Fitness','Empathy','Sickle Cell'),(27,34,158.10,72.10,'Endomorph','Hispanic or Latino','Green','Black','Yes','Yes','','Normal fertility','No','Low Estrogen/Testosterone','High','Vegetarian','Daily','No','Anxious','Confrontational','Moderate','Playful/Fun','Frequently stressed and anxious','Very career-focused','Ambivert','Urban','Very important','Yes','5+','Combination of both','Highly ambitious','Yes','Very close-knit','Yes','Very important','2025-02-07 04:02:19','2025-05-07 10:15:10','Fitness','Empathy','Sickle Cell'),(28,35,151.20,86.80,'Mesomorph','Hispanic or Latino','Violet','Silver','Yes','No','','Normal fertility','No','Normal','Moderate','Vegetarian','3-5 times per week','No','Anxious','Confrontational','High','Playful/Fun','Calm and collected','Balanced between career and personal life','Extrovert','Suburban','Somewhat important','Yes','5+','Combination of both','Highly ambitious','Yes','Very close-knit','Yes','Not important','2025-02-07 09:16:19','2025-05-09 11:03:06','Lifestyle','Adventurousness','Tay-Sachs'),(29,36,166.60,51.40,'Mesomorph','Black or African','Green','Brown','Yes','Yes','','Fertility concerns','No','Not sure','Low','Omnivore','Daily','No','Avoidant','Confrontational','Moderate','Dry/Witty','Calm and collected','Very career-focused','Extrovert','Rural','Not important','No',NULL,'Flexible and nurturing','Highly ambitious','No','Not close','No','Not important','2025-02-07 09:56:07','2025-03-07 05:07:42','Lifestyle','Adventurousness','Tay-Sachs'),(41,48,183.50,72.40,'Mesomorph','White','Amber','Brown','No','Yes',NULL,'Regular cycles','Yes','Low Estrogen/Testosterone','High','Vegan','Daily','No','Anxious','Confrontational','High','Sarcastic','Calm and collected','Very career-focused','Extrovert','Urban','Somewhat important','Yes','3-4','Structured and disciplined','Highly ambitious','Yes','Very close-knit','Yes','Moderately important','2025-03-07 05:14:34','2025-05-07 10:19:58','Weight','Commitment','Thalassemia'),(42,49,155.60,88.40,'Ectomorph','White','Blue','Red','Yes','No',NULL,'Regular cycles','Yes','Low Estrogen/Testosterone','High','Vegetarian','3-5 times per week','Yes','Secure','Confrontational','Moderate','Dry/Witty','Sometimes overwhelmed but recover quickly','Very career-focused','Extrovert','Suburban','Very important','No','3-4','Structured and disciplined','Highly ambitious','Yes','Somewhat close','Yes','Very important','2025-03-07 05:26:31','2025-03-07 05:33:35','Weight','Commitment','Thalassemia');
/*!40000 ALTER TABLE `profile_data` ENABLE KEYS */;
UNLOCK TABLES;

--
-- Table structure for table `user_likes`
--

DROP TABLE IF EXISTS `user_likes`;
/*!40101 SET @saved_cs_client     = @@character_set_client */;
/*!50503 SET character_set_client = utf8mb4 */;
CREATE TABLE `user_likes` (
  `id` int NOT NULL AUTO_INCREMENT,
  `user_id` int NOT NULL,
  `liked_user_id` int NOT NULL,
  `created_at` timestamp NULL DEFAULT CURRENT_TIMESTAMP,
  PRIMARY KEY (`id`),
  UNIQUE KEY `user_id` (`user_id`,`liked_user_id`),
  KEY `liked_user_id` (`liked_user_id`),
  CONSTRAINT `user_likes_ibfk_1` FOREIGN KEY (`user_id`) REFERENCES `users` (`id`) ON DELETE CASCADE,
  CONSTRAINT `user_likes_ibfk_2` FOREIGN KEY (`liked_user_id`) REFERENCES `users` (`id`) ON DELETE CASCADE
) ENGINE=InnoDB DEFAULT CHARSET=utf8mb4 COLLATE=utf8mb4_general_ci;
/*!40101 SET character_set_client = @saved_cs_client */;

--
-- Dumping data for table `user_likes`
--

LOCK TABLES `user_likes` WRITE;
/*!40000 ALTER TABLE `user_likes` DISABLE KEYS */;
/*!40000 ALTER TABLE `user_likes` ENABLE KEYS */;
UNLOCK TABLES;

--
-- Table structure for table `user_maybe`
--

DROP TABLE IF EXISTS `user_maybe`;
/*!40101 SET @saved_cs_client     = @@character_set_client */;
/*!50503 SET character_set_client = utf8mb4 */;
CREATE TABLE `user_maybe` (
  `id` int NOT NULL AUTO_INCREMENT,
  `user_id` int NOT NULL,
  `maybe_user_id` int NOT NULL,
  `status` tinyint NOT NULL DEFAULT '0',
  `created_at` timestamp NULL DEFAULT CURRENT_TIMESTAMP,
  `updated_at` timestamp NULL DEFAULT CURRENT_TIMESTAMP ON UPDATE CURRENT_TIMESTAMP,
  PRIMARY KEY (`id`),
  UNIQUE KEY `user_id` (`user_id`,`maybe_user_id`),
  KEY `maybe_user_id` (`maybe_user_id`),
  CONSTRAINT `user_maybe_ibfk_1` FOREIGN KEY (`user_id`) REFERENCES `users` (`id`) ON DELETE CASCADE,
  CONSTRAINT `user_maybe_ibfk_2` FOREIGN KEY (`maybe_user_id`) REFERENCES `users` (`id`) ON DELETE CASCADE
) ENGINE=InnoDB AUTO_INCREMENT=92 DEFAULT CHARSET=utf8mb4 COLLATE=utf8mb4_general_ci;
/*!40101 SET character_set_client = @saved_cs_client */;

--
-- Dumping data for table `user_maybe`
--

LOCK TABLES `user_maybe` WRITE;
/*!40000 ALTER TABLE `user_maybe` DISABLE KEYS */;
INSERT INTO `user_maybe` VALUES (79,49,27,3,'2025-03-07 07:17:03','2025-03-07 07:17:03'),(90,31,36,3,'2025-05-06 12:03:35','2025-05-06 12:03:35');
/*!40000 ALTER TABLE `user_maybe` ENABLE KEYS */;
UNLOCK TABLES;

--
-- Table structure for table `user_personality_responses`
--

DROP TABLE IF EXISTS `user_personality_responses`;
/*!40101 SET @saved_cs_client     = @@character_set_client */;
/*!50503 SET character_set_client = utf8mb4 */;
CREATE TABLE `user_personality_responses` (
  `id` int NOT NULL AUTO_INCREMENT,
  `user_id` int NOT NULL,
  `question_id` int NOT NULL,
  `response` int DEFAULT NULL,
  PRIMARY KEY (`id`),
  UNIQUE KEY `unique_user_question` (`user_id`,`question_id`),
  KEY `question_id` (`question_id`),
  CONSTRAINT `user_personality_responses_ibfk_1` FOREIGN KEY (`user_id`) REFERENCES `users` (`id`) ON DELETE CASCADE,
  CONSTRAINT `user_personality_responses_ibfk_2` FOREIGN KEY (`question_id`) REFERENCES `personality_questions` (`id`) ON DELETE CASCADE
) ENGINE=InnoDB AUTO_INCREMENT=2960 DEFAULT CHARSET=utf8mb4 COLLATE=utf8mb4_general_ci;
/*!40101 SET character_set_client = @saved_cs_client */;

--
-- Dumping data for table `user_personality_responses`
--

LOCK TABLES `user_personality_responses` WRITE;
/*!40000 ALTER TABLE `user_personality_responses` DISABLE KEYS */;
INSERT INTO `user_personality_responses` VALUES (1388,26,1,3),(1389,26,2,3),(1390,26,3,4),(1391,26,4,3),(1392,26,5,4),(1393,26,6,3),(1394,26,7,4),(1395,26,8,3),(1396,26,9,4),(1397,26,10,3),(1398,26,12,3),(1399,26,13,4),(1400,26,14,3),(1402,26,11,4),(1415,26,15,4),(1416,26,16,3),(1417,26,17,4),(1418,26,18,3),(1419,26,19,4),(1420,26,20,2),(1421,26,21,3),(1422,26,22,3),(1423,26,23,4),(1424,26,24,3),(1425,26,25,4),(1426,26,26,4),(1428,26,27,4),(1429,26,28,4),(1430,26,29,3),(1431,26,30,3),(1432,26,31,4),(1433,26,32,3),(1434,26,33,4),(1435,26,34,3),(1436,26,35,4),(1437,26,36,3),(1438,26,37,4),(1439,26,38,3),(1440,26,39,4),(1441,26,40,3),(1442,26,41,4),(1443,26,42,3),(1444,26,43,4),(1445,26,44,3),(1446,26,45,4),(1447,26,46,3),(1448,26,47,3),(1449,26,48,4),(1450,26,49,3),(1451,26,50,3),(1452,26,51,4),(1453,26,52,3),(1454,26,53,3),(1455,26,54,4),(1456,26,55,2),(1457,26,56,3),(1458,26,57,3),(1459,26,58,4),(1460,26,59,3),(1461,26,60,4),(1462,25,1,5),(1463,25,2,4),(1464,25,3,2),(1465,25,4,4),(1466,25,5,1),(1467,25,6,4),(1468,25,7,2),(1469,25,8,4),(1470,25,9,2),(1471,25,10,4),(1472,25,11,2),(1473,25,12,4),(1474,25,13,1),(1488,25,14,3),(1489,25,15,4),(1490,25,16,3),(1491,25,17,4),(1492,25,18,3),(1493,25,19,4),(1494,25,20,3),(1495,25,21,4),(1496,25,22,3),(1497,25,23,4),(1498,25,24,5),(1499,25,25,2),(1500,25,26,3),(1683,25,27,3),(1684,25,28,4),(1685,25,29,2),(1686,25,30,4),(1687,25,31,2),(1688,25,32,5),(1689,25,33,5),(1690,25,34,5),(1691,25,35,5),(1692,25,36,5),(1693,25,37,5),(1694,25,38,5),(1695,25,39,5),(1696,25,40,5),(1697,25,41,5),(1698,25,42,5),(1699,25,43,5),(1700,25,44,5),(1701,25,45,5),(1702,25,46,5),(1782,25,47,4),(1783,25,48,5),(1784,25,49,5),(1785,25,50,5),(1786,25,51,5),(1787,25,52,5),(1788,25,53,5),(1789,25,54,5),(1790,25,55,5),(1791,25,56,5),(1792,25,57,5),(1793,25,58,5),(1794,25,59,5),(1795,25,60,5),(1796,22,1,3),(1797,22,2,3),(1798,22,3,4),(1799,22,4,3),(1800,22,5,4),(1801,22,6,3),(1802,22,7,4),(1803,22,8,3),(1804,22,9,4),(1805,22,10,1),(1806,22,11,4),(1807,22,12,5),(1808,22,13,5),(1822,22,14,3),(1823,22,15,3),(1824,22,16,3),(1825,22,17,4),(1826,22,18,3),(1827,22,19,3),(1828,22,20,4),(1829,22,21,4),(1830,22,22,3),(1831,22,23,4),(1832,22,24,3),(1833,22,25,3),(1834,22,26,4),(1835,35,1,2),(1836,35,2,3),(1837,35,3,3),(1838,35,4,1),(1839,35,5,3),(1840,35,6,1),(1841,35,7,1),(1842,35,8,2),(1843,35,9,1),(1844,35,10,1),(1845,35,11,1),(1846,35,12,3),(1847,35,13,3),(1874,34,1,2),(1875,34,2,2),(1876,34,3,2),(1877,34,4,2),(1878,34,5,2),(1879,34,6,2),(1880,34,7,2),(1881,34,8,2),(1882,34,9,2),(1883,34,10,2),(1884,34,11,2),(1885,34,12,2),(1886,34,13,3),(1887,34,14,3),(1888,34,15,4),(1889,34,16,3),(1890,34,17,2),(1891,34,18,2),(1892,34,19,4),(1893,34,20,2),(1894,34,21,4),(1895,34,22,2),(1896,34,23,2),(1897,34,24,2),(1898,34,25,3),(1899,34,26,3),(1900,34,27,3),(1901,34,28,3),(1902,34,29,3),(1903,34,30,3),(1904,34,31,3),(1905,34,32,3),(1906,34,33,3),(1907,34,34,3),(1908,34,35,3),(1909,34,36,3),(1910,34,37,3),(1911,34,38,3),(1912,34,39,3),(1913,34,40,3),(1914,34,41,3),(1915,34,42,3),(1916,34,43,3),(1917,34,44,3),(1918,34,45,3),(1919,34,46,3),(1920,34,47,4),(1921,34,48,4),(1922,34,49,4),(1923,34,50,4),(1924,34,51,4),(1925,34,52,4),(1926,34,53,4),(1927,34,54,2),(1928,34,55,2),(1929,34,56,2),(1930,34,57,2),(1931,34,58,2),(1932,34,59,2),(1933,34,60,2),(1947,35,14,2),(1948,35,15,3),(1949,35,16,3),(1950,35,17,3),(1951,35,18,3),(1952,35,19,3),(1953,35,20,3),(1954,35,21,3),(1955,35,22,3),(1956,35,23,3),(1957,35,24,3),(1958,35,25,3),(1959,35,26,3),(1960,35,27,4),(1961,35,28,4),(1962,35,29,4),(1963,35,30,4),(1964,35,31,4),(1965,35,32,4),(1966,35,33,4),(1967,35,34,4),(1968,35,35,4),(1969,35,36,4),(1970,35,37,4),(1971,35,38,4),(1972,35,39,4),(1973,35,40,4),(1974,35,41,4),(1975,35,42,4),(1976,35,43,4),(1977,35,44,4),(1978,35,45,4),(1979,35,46,4),(1980,35,47,2),(1981,35,48,2),(1982,35,49,2),(1983,35,50,2),(1984,35,51,4),(1985,35,52,4),(1986,35,53,4),(1987,35,54,4),(1988,35,55,4),(1989,35,56,4),(1990,35,57,4),(1991,35,58,4),(1992,35,59,4),(1993,35,60,4),(2041,21,1,3),(2042,21,2,4),(2043,21,3,4),(2044,21,4,4),(2045,21,5,4),(2046,21,6,4),(2047,21,7,4),(2048,21,8,4),(2049,21,9,4),(2050,21,10,4),(2051,21,11,4),(2052,21,12,4),(2053,21,13,3),(2054,21,14,3),(2055,21,15,3),(2056,21,16,3),(2057,21,17,3),(2058,21,18,3),(2059,21,19,3),(2060,21,20,3),(2061,21,21,3),(2062,21,22,3),(2063,21,23,3),(2064,21,24,3),(2065,21,25,3),(2066,21,26,3),(2093,21,27,4),(2094,21,28,4),(2095,21,29,4),(2096,21,30,4),(2097,21,31,4),(2098,21,32,4),(2099,21,33,4),(2100,21,34,4),(2101,21,35,4),(2102,21,36,4),(2103,21,37,4),(2104,21,38,4),(2105,21,39,4),(2106,21,40,4),(2107,21,41,4),(2108,21,42,4),(2109,21,43,4),(2110,21,44,4),(2111,21,45,4),(2112,21,46,4),(2113,21,47,4),(2114,21,48,4),(2115,21,49,4),(2116,21,50,4),(2117,21,51,4),(2118,21,52,4),(2119,21,53,4),(2120,21,54,4),(2121,21,55,4),(2122,21,56,4),(2123,21,57,4),(2124,21,58,4),(2125,21,59,4),(2126,21,60,4),(2127,48,1,3),(2128,48,2,3),(2129,48,3,3),(2130,48,4,3),(2131,48,5,3),(2132,48,6,3),(2133,48,7,3),(2134,48,8,3),(2135,48,9,3),(2136,48,10,3),(2137,48,11,3),(2138,48,12,3),(2139,48,13,4),(2140,48,14,3),(2141,48,15,4),(2142,48,16,4),(2143,48,17,4),(2144,48,18,4),(2145,48,19,4),(2146,48,20,4),(2147,48,21,4),(2148,48,22,4),(2149,48,23,4),(2150,48,24,4),(2151,48,25,4),(2152,48,26,4),(2153,48,27,3),(2154,48,28,3),(2155,48,29,3),(2156,48,30,3),(2157,48,31,3),(2158,48,32,3),(2159,48,33,3),(2160,48,34,3),(2161,48,35,3),(2162,48,36,3),(2163,48,37,3),(2164,48,38,3),(2165,48,39,3),(2166,48,40,3),(2167,48,41,3),(2168,48,42,3),(2169,48,43,3),(2170,48,44,3),(2171,48,45,3),(2172,48,46,3),(2173,48,47,3),(2174,48,48,4),(2175,48,49,4),(2176,48,50,4),(2177,48,51,3),(2178,48,52,3),(2179,48,53,3),(2180,48,54,3),(2181,48,55,3),(2182,48,56,3),(2183,48,57,3),(2184,48,58,3),(2185,48,59,3),(2186,48,60,3),(2187,49,1,2),(2188,49,2,2),(2189,49,3,2),(2190,49,4,2),(2191,49,5,2),(2192,49,6,2),(2193,49,7,2),(2194,49,8,2),(2195,49,9,2),(2196,49,10,2),(2197,49,11,2),(2198,49,12,3),(2199,49,13,3),(2200,49,14,3),(2201,49,15,3),(2202,49,16,3),(2203,49,17,3),(2204,49,18,3),(2205,49,19,3),(2206,49,20,3),(2207,49,21,3),(2208,49,22,3),(2209,49,23,3),(2210,49,24,3),(2211,49,25,3),(2212,49,26,3),(2213,49,27,3),(2214,49,28,3),(2215,49,29,3),(2216,49,30,3),(2217,49,31,3),(2218,49,32,3),(2219,49,33,3),(2220,49,34,3),(2221,49,35,3),(2222,49,36,3),(2223,49,37,3),(2224,49,38,3),(2225,49,39,3),(2226,49,40,3),(2227,49,41,3),(2228,49,42,3),(2229,49,43,3),(2230,49,44,3),(2231,49,45,3),(2232,49,46,3),(2233,49,47,3),(2234,49,48,3),(2235,49,49,3),(2236,49,50,3),(2237,49,51,3),(2238,49,52,3),(2239,49,53,3),(2240,49,54,3),(2241,49,55,3),(2242,49,56,3),(2243,49,57,3),(2244,49,58,3),(2245,49,59,3),(2246,49,60,3),(2307,27,1,2),(2308,27,2,3),(2309,27,3,3),(2310,27,4,3),(2311,27,5,3),(2312,27,6,3),(2313,27,7,3),(2314,27,8,3),(2315,27,9,3),(2316,27,10,3),(2317,27,11,3),(2318,27,12,3),(2319,27,13,4),(2320,27,14,3),(2321,27,15,3),(2322,27,16,3),(2323,27,17,3),(2324,27,18,3),(2325,27,19,3),(2326,27,20,3),(2327,27,21,3),(2328,27,22,3),(2329,27,23,3),(2330,27,24,3),(2331,27,25,3),(2332,27,26,3),(2333,27,27,4),(2334,27,28,4),(2335,27,29,4),(2336,27,30,4),(2337,27,31,4),(2338,27,32,4),(2339,27,33,4),(2340,27,34,4),(2341,27,35,4),(2342,27,36,4),(2343,27,37,4),(2344,27,38,4),(2345,27,39,4),(2346,27,40,4),(2347,27,41,4),(2348,27,42,4),(2349,27,43,4),(2350,27,44,4),(2351,27,45,4),(2352,27,46,4),(2353,27,47,4),(2354,27,48,3),(2355,27,49,3),(2356,27,50,3),(2357,27,51,3),(2358,27,52,3),(2359,27,53,3),(2360,27,54,3),(2361,27,55,2),(2362,27,56,2),(2363,27,57,2),(2364,27,58,2),(2365,27,59,2),(2366,27,60,2),(2638,31,1,3),(2639,31,2,3),(2640,31,3,3),(2641,31,4,3),(2642,31,5,3),(2643,31,6,3),(2644,31,7,3),(2645,31,8,3),(2646,31,9,3),(2647,31,10,3),(2648,31,11,3),(2649,31,12,3),(2650,31,13,3),(2651,31,14,3),(2652,31,15,3),(2653,31,16,3),(2654,31,17,3),(2655,31,18,3),(2656,31,19,3),(2657,31,20,3),(2658,31,21,3),(2659,31,22,3),(2660,31,23,3),(2661,31,24,3),(2662,31,25,3),(2663,31,26,3),(2776,31,27,3),(2777,31,28,3),(2778,31,29,3),(2779,31,30,3),(2780,31,31,3),(2781,31,32,3),(2782,31,33,3),(2783,31,34,3),(2784,31,35,3),(2785,31,36,3),(2786,31,37,3),(2787,31,38,3),(2788,31,39,3),(2789,31,40,3),(2790,31,41,3),(2791,31,42,3),(2792,31,43,3),(2793,31,44,3),(2794,31,45,3),(2795,31,46,3),(2796,31,47,3),(2797,31,48,3),(2798,31,49,3),(2799,31,50,3),(2800,31,51,3),(2801,31,52,3),(2802,31,53,3),(2803,31,54,3),(2804,31,55,3),(2805,31,56,3),(2806,31,57,3),(2807,31,58,3),(2808,31,59,3),(2809,31,60,3),(2810,33,51,2),(2811,33,52,2),(2812,33,53,4),(2813,33,54,4),(2814,33,55,4),(2815,33,56,3),(2816,33,57,3),(2817,33,58,3),(2818,33,59,3),(2819,33,60,3),(2820,33,61,3),(2821,33,62,4),(2822,33,63,3),(2823,33,64,3),(2824,33,65,3),(2825,33,66,3),(2826,33,67,3),(2827,33,68,3),(2828,33,69,3),(2829,33,70,4),(2830,33,71,4),(2831,33,72,4),(2832,33,73,3),(2833,33,74,3),(2834,33,75,3),(2835,22,76,4),(2836,22,77,4),(2837,22,78,4),(2838,22,79,4),(2839,22,80,4),(2840,22,81,4),(2841,22,82,4),(2842,22,83,4),(2843,22,84,4),(2844,22,85,4),(2845,22,86,4),(2846,22,87,4),(2847,22,88,4),(2848,22,89,4),(2849,22,90,4),(2850,22,91,4),(2851,22,92,4),(2852,22,93,4),(2853,22,94,4),(2854,22,95,4),(2855,22,96,4),(2856,22,97,4),(2857,22,98,4),(2858,22,99,4),(2859,22,100,4),(2920,35,61,4),(2921,35,62,4),(2922,35,63,4),(2923,35,64,4),(2924,35,65,4),(2925,35,66,4),(2926,35,67,4),(2927,35,68,4),(2928,35,69,4),(2929,35,70,4),(2930,35,71,4),(2931,35,72,4),(2932,35,73,4),(2933,35,74,4),(2934,35,75,4);
/*!40000 ALTER TABLE `user_personality_responses` ENABLE KEYS */;
UNLOCK TABLES;

--
-- Table structure for table `user_shortlisted`
--

DROP TABLE IF EXISTS `user_shortlisted`;
/*!40101 SET @saved_cs_client     = @@character_set_client */;
/*!50503 SET character_set_client = utf8mb4 */;
CREATE TABLE `user_shortlisted` (
  `id` int NOT NULL AUTO_INCREMENT,
  `user_id` int NOT NULL,
  `shortlisted_user_id` int NOT NULL,
  `status` tinyint NOT NULL DEFAULT '0',
  `created_at` timestamp NULL DEFAULT CURRENT_TIMESTAMP,
  `updated_at` timestamp NULL DEFAULT CURRENT_TIMESTAMP ON UPDATE CURRENT_TIMESTAMP,
  PRIMARY KEY (`id`),
  UNIQUE KEY `user_id` (`user_id`,`shortlisted_user_id`),
  KEY `shortlisted_user_id` (`shortlisted_user_id`),
  CONSTRAINT `user_shortlisted_ibfk_1` FOREIGN KEY (`user_id`) REFERENCES `users` (`id`) ON DELETE CASCADE,
  CONSTRAINT `user_shortlisted_ibfk_2` FOREIGN KEY (`shortlisted_user_id`) REFERENCES `users` (`id`) ON DELETE CASCADE
) ENGINE=InnoDB AUTO_INCREMENT=197 DEFAULT CHARSET=utf8mb4 COLLATE=utf8mb4_general_ci;
/*!40101 SET character_set_client = @saved_cs_client */;

--
-- Dumping data for table `user_shortlisted`
--

LOCK TABLES `user_shortlisted` WRITE;
/*!40000 ALTER TABLE `user_shortlisted` DISABLE KEYS */;
INSERT INTO `user_shortlisted` VALUES (132,30,21,1,'2025-03-06 09:08:43','2025-03-06 09:08:43'),(133,21,30,1,'2025-03-06 09:09:03','2025-03-06 09:09:03'),(134,49,21,1,'2025-03-07 07:17:00','2025-03-07 07:17:00'),(135,21,49,1,'2025-03-07 07:17:43','2025-03-07 07:17:43'),(136,21,28,1,'2025-03-07 15:54:11','2025-03-07 15:54:11'),(137,28,21,1,'2025-03-07 15:54:28','2025-03-07 15:54:28'),(140,28,31,1,'2025-03-07 16:12:50','2025-03-07 16:12:50'),(162,31,28,1,'2025-03-21 13:34:53','2025-03-21 13:34:53'),(178,31,34,1,'2025-05-05 06:02:52','2025-05-05 06:04:09'),(181,34,31,1,'2025-05-05 06:05:24','2025-05-05 06:05:24'),(182,34,27,1,'2025-05-05 06:05:45','2025-05-05 06:05:45'),(183,27,34,1,'2025-05-05 06:06:25','2025-05-05 06:06:25'),(190,31,26,1,'2025-05-07 11:30:17','2025-05-07 11:30:17'),(195,22,48,1,'2025-06-18 13:26:07','2025-06-18 13:26:07'),(196,31,30,1,'2025-07-29 05:14:00','2025-07-29 05:14:00');
/*!40000 ALTER TABLE `user_shortlisted` ENABLE KEYS */;
UNLOCK TABLES;

--
-- Table structure for table `users`
--

DROP TABLE IF EXISTS `users`;
/*!40101 SET @saved_cs_client     = @@character_set_client */;
/*!50503 SET character_set_client = utf8mb4 */;
CREATE TABLE `users` (
  `id` int NOT NULL AUTO_INCREMENT,
  `first_name` varchar(50) COLLATE utf8mb4_general_ci DEFAULT NULL,
  `last_name` varchar(50) COLLATE utf8mb4_general_ci DEFAULT NULL,
  `email` varchar(100) COLLATE utf8mb4_general_ci NOT NULL,
  `gender` tinyint NOT NULL DEFAULT '0' COMMENT '0 = others, 1 = male, 2 = female',
  `looking_for` varchar(10) COLLATE utf8mb4_general_ci NOT NULL DEFAULT '0' COMMENT '0 = other, 1 = male, 2 = female (comma-separated)',
  `dob` date DEFAULT NULL,
  `screen_name` varchar(100) COLLATE utf8mb4_general_ci DEFAULT NULL,
  `city_of_residence` varchar(100) COLLATE utf8mb4_general_ci DEFAULT NULL,
  `region_of_residence` varchar(100) COLLATE utf8mb4_general_ci DEFAULT NULL,
  `latitude` decimal(10,8) DEFAULT NULL,
  `longitude` decimal(11,8) DEFAULT NULL,
  `profile_pic` varchar(255) COLLATE utf8mb4_general_ci DEFAULT NULL,
  `dna` varchar(255) COLLATE utf8mb4_general_ci DEFAULT NULL,
  `personality_type` varchar(255) COLLATE utf8mb4_general_ci DEFAULT NULL,
  `password` varchar(255) COLLATE utf8mb4_general_ci DEFAULT NULL,
  `phone` varchar(20) COLLATE utf8mb4_general_ci DEFAULT NULL,
  `user_type` enum('user','guest') COLLATE utf8mb4_general_ci DEFAULT 'guest',
  `last_filter` mediumtext COLLATE utf8mb4_general_ci,
  `created_at` timestamp NULL DEFAULT CURRENT_TIMESTAMP,
  `updated_at` timestamp NULL DEFAULT CURRENT_TIMESTAMP ON UPDATE CURRENT_TIMESTAMP,
  `last_seen` timestamp NOT NULL DEFAULT CURRENT_TIMESTAMP,
  `online` tinyint(1) DEFAULT '0',
  PRIMARY KEY (`id`),
  UNIQUE KEY `email` (`email`),
  KEY `idx_users_region_of_residence` (`city_of_residence`)
) ENGINE=InnoDB AUTO_INCREMENT=60 DEFAULT CHARSET=utf8mb4 COLLATE=utf8mb4_general_ci;
/*!40101 SET character_set_client = @saved_cs_client */;

--
-- Dumping data for table `users`
--

LOCK TABLES `users` WRITE;
/*!40000 ALTER TABLE `users` DISABLE KEYS */;
INSERT INTO `users` VALUES (21,'James','Anderson','james@gmail.com',1,'2','1985-01-07','James','Trenton','North East, India',40.21388270,74.77152714,'https://api.futurefamilyai.com/images/james.png','https://api.futurefamilyai.com/images/james.pdf','Conscientiousness','$2a$10$sGnM.5OUD510OR/EkQKw/.1lAYWDexSY37GtXPqfcr7U1SPbJd1Hi',NULL,'guest','{}','2025-02-06 05:34:20','2025-05-30 10:43:47','2025-05-30 10:43:45',0),(22,'Emily','Smith','emily@gmail.com',2,'1','1995-02-03','Emily','Los Vegas','East, India',NULL,NULL,'https://api.futurefamilyai.com/images/emily.jpg','https://api.futurefamilyai.com/images/emily.pdf','Extraversion','$2a$10$FJzbDvjEeQmi5sGfa9nk8eieFUpRnKR2nB68fz/BmTL/MOiMChHcS',NULL,'guest','{}','2025-02-06 06:31:03','2025-06-18 13:26:20','2025-06-18 13:26:20',1),(25,'Michael','Johnson','michael@gmail.com',1,'2','1989-01-12','Michael','Jacksonville','North, India',40.21388270,74.77152714,'https://api.futurefamilyai.com/images/michael.jpg','https://api.futurefamilyai.com/images/michael.pdf','Openness','$2a$10$vfausgaZcH79HWZpnyzApee3Nxop8wp4MMya3j0TVUKPJk3CX9Rg.',NULL,'guest','{}','2025-02-06 08:22:37','2025-05-09 11:12:40','2025-05-09 11:12:09',0),(26,'Jessica','Brown','jessica@gmail.com',2,'1','1998-01-16','Jessica','Austin','North, India',40.21388270,74.77152714,'https://api.futurefamilyai.com/images/jessica.jpeg','https://api.futurefamilyai.com/images/jessica.pdf','Conscientiousness','$2a$10$whiaQbI2Y7YtmdK2ugvZL.wuGvIDRu.v6RBw5/mpk/UTuTTZjlZci',NULL,'guest','{}','2025-02-06 08:45:07','2025-05-07 09:54:31','2025-05-07 09:54:22',0),(27,'Robert','Miller','robert@gmail.com',1,'2','1988-01-09','Robert','Dallas','North East, India',40.21388270,74.77152714,'https://api.futurefamilyai.com/images/robert.jpg','https://api.futurefamilyai.com/images/robert.pdf','Extraversion','$2a$10$qUWeUDRpkrxp1rl7PkjKj.8m37ZD4ehMZry7elrcdWExgJ79r7r9q',NULL,'guest','{}','2025-02-06 09:27:16','2025-05-27 04:29:42','2025-05-27 04:29:42',1),(28,'Ashley','Davis','ashley@gmail.com',2,'1','1986-01-10','Ashley','Philadelphia',NULL,40.21388270,74.77152714,'https://api.futurefamilyai.com/images/ashley.jpeg','https://api.futurefamilyai.com/images/ashley.pdf',NULL,'$2a$10$54BYJcf1dbeK096CBa2I7eT5gT45h2UYzZ6cJ8CqjO5deJ.0dUl6u',NULL,'guest','{}','2025-02-06 10:03:42','2025-03-13 12:17:39','2025-03-13 12:11:22',0),(29,'David','Wilson','david@gmail.com',1,'2','2003-01-10','David','Trenton',NULL,40.21388270,74.77152714,'https://api.futurefamilyai.com/images/david.jpg','https://api.futurefamilyai.com/images/david.pdf',NULL,'$2a$10$bsSW5z8XrS2owz/QsyckguBZskspoMmGNQP1a8ysbuW2XCxsHc0aG',NULL,'guest','{}','2025-02-06 10:43:04','2025-05-30 10:55:26','2025-05-30 10:55:19',0),(30,'Sarah','Martinez','sarah@gmail.com',2,'1','1999-01-24','Sarah','Houston',NULL,40.21388270,74.77152714,'https://api.futurefamilyai.com/images/sarah.jpeg','https://api.futurefamilyai.com/images/sarah.pdf',NULL,'$2a$10$Q4Pceye4..U30GbRKPNJuOEmNTo5lv06ic/2E9Jx7N.Z2SDSajdAu',NULL,'guest','{}','2025-02-06 10:57:26','2025-07-29 06:39:09','2025-07-29 06:39:09',1),(31,'John','Thompson','john@gmail.com',1,'2','1999-01-10','John','Chicago','North, India',40.21388270,74.77152714,'https://api.futurefamilyai.com/images/john.jpg','https://api.futurefamilyai.com/images/john.pdf','Openness','$2a$10$MjllztZSrTcCJmp.vdMnGuZCUg0lEfvdqPOmSFa4Ctbz7U7zEmZ76',NULL,'guest','{}','2025-02-06 11:10:55','2025-08-14 10:10:17','2025-08-14 10:10:17',1),(32,'Taylor','Jennifer','jennifer@gmail.com',2,'1','1999-01-10','jennifer','Boston',NULL,40.21388270,74.77152714,'https://api.futurefamilyai.com/images/jennifer.jpg','https://api.futurefamilyai.com/images/jennifer.pdf',NULL,'$2a$10$hPcsuehSI1.HyUQkoSHN5Ozl5C9TnmJCnZYTvnwiiPyqo1DKxt00a',NULL,'guest','{}','2025-02-06 11:46:40','2025-03-07 05:03:31','2025-03-07 05:01:35',0),(33,'Daniel','Clark','daniel@gmail.com',1,'2','1986-01-22','Daniel','Denver','North East, India',40.21388270,74.77152714,'https://api.futurefamilyai.com/images/daniel.jpg','https://api.futurefamilyai.com/images/daniel.pdf','Neuroticism','$2a$10$7/DBHcgg14Rg7UakrBWufOTU0AJ3epy9kU5/pBJWgu3jwUYUtVUmu',NULL,'guest','{}','2025-02-06 12:14:16','2025-05-30 11:14:16','2025-05-30 11:14:09',0),(34,'Olivia','Scott','olivia@gmail.com',2,'1','1997-01-10','Olivia','Indianapolis','East, India',40.21388270,74.77152714,'https://api.futurefamilyai.com/images/olivia.jpg','https://api.futurefamilyai.com/images/olivia.pdf','Openness','$2a$10$f9SfsD6Beqkn1FVccVvkuuJorZUn1T6fPnpgOCoxUOKAHy0uV6RTG',NULL,'guest','{}','2025-02-07 04:02:19','2025-05-07 10:15:58','2025-05-07 10:15:48',0),(35,'Matthew','Lewis','matthew@gmail.com',1,'2','1993-01-10','Matthew','Charlotte','North, India',40.21388270,74.77152714,'https://api.futurefamilyai.com/images/matthew.jpg','https://api.futurefamilyai.com/images/matthew.pdf','Agreeableness','$2a$10$raKCXmLtgSYtseKQbd0KU.QTAgcT/8daw/Zifh1zscAPifLmuM5IS',NULL,'guest','{}','2025-02-07 09:16:19','2025-05-09 11:04:44','2025-05-09 11:04:42',0),(36,'Emma','Baker','emma@gmail.com',2,'1','1988-01-10','Emma','San Francisco',NULL,40.21388270,74.77152714,'https://api.futurefamilyai.com/images/emma.jpg','https://api.futurefamilyai.com/images/emma.pdf',NULL,'$2a$10$Uv5tj7660uG8Cw6hd4mxo.nLGUCHpHy9WmzBTGmaxtQe0vzD80FFO',NULL,'guest','{}','2025-02-07 09:56:07','2025-03-07 05:07:46','2025-03-07 05:05:04',0),(48,'Joseph','Taylor','joseph@gmail.com',1,'2','1998-02-10','Joseph','Los Angeles, United States','North, India',34.05220000,-118.24370000,'https://api.futurefamilyai.com/images/1741324582413_photo-1535713875002-d1d0cf377fde.jfif','','Neuroticism','$2a$10$DQEodPai/iSsq1QBOIjkW.4ZHsW3S1p/nGaV4LifTUzLi1STthvWG',NULL,'guest','{}','2025-03-07 05:14:34','2025-05-07 10:38:25','2025-05-07 10:37:44',0),(49,'Mia','Dio','mia@gmail.com',2,'1','1999-06-06','Mia','Toronto, Canada',NULL,43.65107000,-79.34701500,'https://api.futurefamilyai.com/images/1741325247337_images.jfif','','Conscientiousness','$2a$10$ivX6oWoB5gpGmzoCH4SUCeOLIqKyk9qCgDGhnrQJNCKdvdB1wSzBC',NULL,'guest','{}','2025-03-07 05:26:31','2025-03-21 08:37:03','2025-03-21 08:36:47',0);
/*!40000 ALTER TABLE `users` ENABLE KEYS */;
UNLOCK TABLES;
SET @@SESSION.SQL_LOG_BIN = @MYSQLDUMP_TEMP_LOG_BIN;
/*!40103 SET TIME_ZONE=@OLD_TIME_ZONE */;

/*!40101 SET SQL_MODE=@OLD_SQL_MODE */;
/*!40014 SET FOREIGN_KEY_CHECKS=@OLD_FOREIGN_KEY_CHECKS */;
/*!40014 SET UNIQUE_CHECKS=@OLD_UNIQUE_CHECKS */;
/*!40101 SET CHARACTER_SET_CLIENT=@OLD_CHARACTER_SET_CLIENT */;
/*!40101 SET CHARACTER_SET_RESULTS=@OLD_CHARACTER_SET_RESULTS */;
/*!40101 SET COLLATION_CONNECTION=@OLD_COLLATION_CONNECTION */;
/*!40111 SET SQL_NOTES=@OLD_SQL_NOTES */;

-- Dump completed on 2025-11-10  6:54:35
